entry_id,4658,4659,4668,4681,4685,4730,4740,4745,4758,4762,4780,4792,4809,4828,4955,4964,4969,4978,4979,4991,4995,5002,5021,5024,5032,5046,5077,5078,5121,5122,5129,5130,5143,5148,5150,5152,5154,5161,weight
23,0,0,-1,1,-1,-1,-1,1,0,-1,1,-1,1,1,0,0,1,1,-1,0,0,1,0,0,1,-1,0,0,0,1,0,0,1,1,0,0,1,1,1.0
173,0,-1,0,0,0,1,0,-1,-1,0,1,-1,0,1,0,0,0,0,0,0,1,-1,1,1,-1,1,1,-1,-1,-1,-1,-1,-1,1,1,1,-1,-1,1.0
174,1,1,1,-1,0,1,0,-1,-1,-1,1,-1,-1,1,1,1,1,1,1,1,1,-1,0,1,-1,1,1,1,-1,-1,1,-1,1,1,1,1,-1,-1,1.0
176,0,0,0,-1,1,1,0,1,-1,0,0,-1,-1,1,1,1,1,1,0,0,1,1,1,1,1,1,1,0,-1,1,1,-1,1,1,1,1,1,1,1.0
178,0,0,0,0,1,1,0,0,0,-1,1,-1,0,1,1,1,0,1,0,0,1,1,1,1,1,-1,0,1,0,1,1,0,0,1,0,0,0,1,1.0
180,-1,-1,0,0,0,-1,-1,-1,0,1,1,0,0,1,-1,0,0,0,0,0,0,1,0,1,1,0,0,0,0,0,1,0,1,1,0,0,0,1,1.0
182,0,0,1,-1,0,1,0,-1,-1,0,1,-1,-1,1,1,1,-1,1,1,0,1,-1,0,1,-1,1,1,-1,-1,-1,-1,-1,0,1,1,1,1,1,1.0
184,0,0,0,1,0,1,0,1,0,1,1,0,-1,1,1,1,0,1,1,0,1,1,1,1,1,1,1,1,1,0,1,0,0,1,0,0,0,0,1.0
185,0,0,1,-1,1,1,0,1,0,1,1,1,-1,1,1,1,0,1,1,0,1,1,1,1,1,1,1,1,0,0,0,0,0,0,0,0,0,1,1.0
186,0,0,-1,0,-1,1,1,1,0,1,-1,1,0,1,1,1,0,1,0,0,1,1,0,1,1,0,1,1,1,1,1,1,0,0,1,0,0,1,1.0
187,0,0,0,1,0,0,0,1,0,0,1,0,1,1,1,0,0,0,0,0,1,1,1,1,1,-1,1,1,0,0,0,0,1,1,0,0,0,1,1.0
189,0,1,-1,1,-1,1,1,1,0,1,1,-1,0,1,1,1,0,1,0,0,0,1,1,0,1,1,1,1,0,1,1,0,1,0,0,0,0,0,0.6666666666666666
189,0,1,-1,1,-1,1,-1,1,0,1,1,-1,0,1,1,1,0,1,0,0,0,1,1,0,1,1,1,1,0,1,1,0,1,0,0,0,0,0,0.3333333333333333
190,1,0,1,-1,1,1,0,1,0,0,1,1,-1,1,1,0,0,0,0,0,1,1,0,0,0,1,1,1,1,1,1,-1,1,-1,1,1,1,1,0.0625
190,1,0,1,-1,1,1,0,1,0,0,1,1,-1,1,1,0,0,0,0,0,1,1,0,0,0,1,1,1,1,1,1,-1,1,-1,1,1,-1,1,0.0625
190,1,0,1,-1,1,1,0,1,0,0,1,1,-1,1,1,0,0,0,0,0,1,1,0,0,0,1,1,1,1,1,1,-1,1,-1,1,-1,1,1,0.0625
190,1,0,1,-1,1,1,0,1,0,0,1,1,-1,1,1,0,0,0,0,0,1,1,0,0,0,1,1,1,1,1,1,-1,1,-1,1,-1,-1,1,0.0625
190,1,0,1,-1,1,1,0,1,0,0,1,1,-1,1,1,0,0,0,0,0,1,1,0,0,0,1,1,1,1,-1,1,-1,1,-1,1,1,1,1,0.0625
190,1,0,1,-1,1,1,0,1,0,0,1,1,-1,1,1,0,0,0,0,0,1,1,0,0,0,1,1,1,1,-1,1,-1,1,-1,1,1,-1,1,0.0625
190,1,0,1,-1,1,1,0,1,0,0,1,1,-1,1,1,0,0,0,0,0,1,1,0,0,0,1,1,1,1,-1,1,-1,1,-1,1,-1,1,1,0.0625
190,1,0,1,-1,1,1,0,1,0,0,1,1,-1,1,1,0,0,0,0,0,1,1,0,0,0,1,1,1,1,-1,1,-1,1,-1,1,-1,-1,1,0.0625
190,1,0,1,-1,1,1,0,1,0,0,1,1,-1,1,1,0,0,0,0,0,1,1,0,0,0,1,1,1,-1,1,1,-1,1,-1,1,-1,1,1,0.0625
190,1,0,1,-1,1,1,0,1,0,0,1,1,-1,1,1,0,0,0,0,0,1,1,0,0,0,1,1,1,-1,1,1,-1,1,-1,1,1,-1,1,0.0625
190,1,0,1,-1,1,1,0,1,0,0,1,1,-1,1,1,0,0,0,0,0,1,1,0,0,0,1,1,1,-1,1,1,-1,1,-1,1,-1,-1,1,0.0625
190,1,0,1,-1,1,1,0,1,0,0,1,1,-1,1,1,0,0,0,0,0,1,1,0,0,0,1,1,1,-1,-1,1,-1,1,-1,1,1,1,1,0.0625
190,1,0,1,-1,1,1,0,1,0,0,1,1,-1,1,1,0,0,0,0,0,1,1,0,0,0,1,1,1,-1,-1,1,-1,1,-1,1,1,-1,1,0.0625
190,1,0,1,-1,1,1,0,1,0,0,1,1,-1,1,1,0,0,0,0,0,1,1,0,0,0,1,1,1,-1,-1,1,-1,1,-1,1,-1,1,1,0.0625
190,1,0,1,-1,1,1,0,1,0,0,1,1,-1,1,1,0,0,0,0,0,1,1,0,0,0,1,1,1,-1,-1,1,-1,1,-1,1,-1,-1,1,0.0625
190,1,0,1,-1,1,1,0,1,0,0,1,1,-1,1,1,0,0,0,0,0,1,1,0,0,0,1,1,1,-1,1,1,-1,1,-1,1,1,1,1,0.0625
191,1,0,-1,1,0,0,1,0,0,1,1,0,-1,1,0,0,0,0,0,0,0,0,0,0,0,1,1,1,0,1,1,0,1,0,0,0,0,1,1.0
193,0,0,-1,0,-1,1,0,1,1,0,1,-1,-1,1,1,1,0,1,0,0,1,1,0,1,1,1,1,1,0,0,0,0,0,0,0,0,0,1,1.0
195,0,0,-1,0,-1,1,0,0,0,1,1,1,0,1,1,1,0,1,0,0,1,1,1,1,1,1,1,1,0,0,0,0,1,0,0,0,0,-1,1.0
196,-1,-1,-1,-1,0,0,-1,-1,-1,-1,1,-1,0,1,1,1,1,1,1,0,1,-1,1,1,1,1,1,1,-1,1,-1,-1,-1,1,1,1,0,0,0.5
196,-1,-1,1,-1,0,0,-1,-1,-1,-1,1,-1,0,1,1,1,1,1,1,0,1,-1,1,1,1,1,1,1,-1,1,-1,-1,-1,1,1,1,0,0,0.5
199,0,0,-1,-1,-1,-1,-1,-1,0,-1,1,0,0,1,0,0,0,1,0,0,0,0,0,0,0,-1,-1,1,0,0,0,0,0,0,0,0,0,-1,1.0
200,0,0,1,0,0,1,0,1,1,0,1,1,-1,-1,1,1,1,1,1,1,1,1,1,1,1,-1,1,1,-1,1,1,-1,-1,1,1,1,1,1,1.0
204,0,0,0,0,-1,1,0,1,1,1,1,-1,-1,0,1,0,0,1,0,0,0,0,0,0,0,1,0,0,-1,0,0,0,0,0,0,1,1,0,1.0
212,-1,-1,-1,0,-1,-1,-1,1,-1,-1,1,0,1,1,1,-1,0,1,-1,0,1,1,0,1,1,-1,0,0,0,0,0,0,0,0,0,0,0,-1,1.0
217,-1,-1,-1,-1,-1,-1,-1,1,0,1,0,-1,-1,-1,1,-1,1,1,-1,0,0,0,-1,-1,1,0,0,0,-1,-1,-1,-1,1,0,-1,1,1,-1,1.0
222,1,1,-1,0,-1,1,0,1,1,0,1,0,0,1,-1,-1,-1,-1,-1,0,0,0,0,0,0,-1,1,0,-1,1,0,-1,0,1,0,1,1,1,1.0
224,0,1,-1,0,1,-1,-1,1,1,0,1,-1,1,1,1,-1,-1,-1,-1,-1,0,1,0,0,0,-1,-1,-1,-1,-1,-1,0,0,-1,-1,-1,0,0,1.0
227,0,0,-1,-1,-1,0,0,1,1,1,1,1,-1,1,0,-1,1,1,-1,0,0,0,0,0,0,-1,1,1,-1,0,1,1,1,1,1,1,1,0,1.0
228,1,-1,-1,1,1,1,0,1,1,-1,0,-1,-1,1,1,-1,0,1,-1,-1,-1,0,0,0,0,-1,1,-1,-1,-1,1,-1,-1,1,1,1,1,1,1.0
230,1,1,-1,-1,-1,-1,-1,1,1,1,1,-1,1,1,1,1,1,1,-1,0,-1,1,0,-1,1,-1,1,1,-1,-1,-1,-1,-1,1,0,1,1,-1,1.0
231,-1,-1,-1,-1,-1,-1,-1,1,0,1,0,-1,-1,-1,1,-1,1,1,-1,0,-1,1,-1,-1,1,0,0,0,-1,-1,-1,-1,1,0,-1,1,1,-1,1.0
240,0,0,-1,1,1,1,0,1,0,1,1,1,0,1,0,1,0,1,0,0,1,1,1,1,1,-1,0,1,0,1,1,0,0,1,1,0,1,1,1.0
245,0,0,1,-1,-1,1,1,-1,0,0,1,-1,-1,1,1,0,0,0,0,0,1,1,0,1,1,-1,1,1,0,1,1,0,1,1,1,0,0,1,1.0
250,0,0,-1,0,-1,1,0,0,0,0,1,1,-1,-1,1,0,0,0,0,0,1,1,0,1,1,1,1,1,0,0,0,0,0,0,0,0,0,0,1.0
255,0,0,-1,-1,-1,1,0,-1,0,0,1,-1,0,1,1,0,0,1,0,0,1,1,0,1,1,-1,1,1,0,0,0,0,0,0,0,0,0,-1,1.0
257,-1,-1,-1,0,-1,-1,-1,1,1,0,1,-1,1,-1,0,0,0,0,0,0,0,1,0,0,0,0,1,0,-1,0,0,0,1,1,0,1,1,1,1.0
263,0,0,1,-1,-1,0,0,1,0,0,1,-1,-1,1,1,1,1,1,1,-1,-1,-1,0,0,0,1,1,1,-1,-1,-1,-1,-1,1,1,1,1,-1,1.0
284,-1,-1,-1,-1,-1,-1,0,-1,-1,-1,1,-1,-1,-1,-1,1,-1,1,-1,1,-1,1,0,-1,-1,-1,1,-1,-1,-1,1,1,-1,1,1,-1,1,1,1.0
294,0,0,1,0,-1,1,0,-1,-1,-1,1,-1,-1,1,-1,-1,-1,-1,-1,-1,-1,-1,0,0,0,-1,-1,1,-1,-1,-1,-1,-1,-1,1,-1,-1,-1,1.0
308,0,0,-1,0,-1,-1,-1,1,1,0,1,-1,-1,1,1,0,1,1,-1,0,-1,1,0,-1,1,-1,0,0,0,0,0,0,0,0,0,1,1,0,1.0
310,0,0,0,0,0,-1,-1,1,0,1,1,-1,-1,0,0,0,0,0,0,0,0,0,0,0,0,-1,1,1,-1,0,0,1,0,1,1,0,0,1,0.5
310,0,0,0,0,0,-1,-1,1,0,1,1,-1,-1,0,0,0,0,0,0,0,0,0,0,0,0,-1,1,1,1,0,0,1,0,1,1,0,0,1,0.5
337,0,0,-1,1,-1,-1,-1,1,1,0,1,-1,1,0,-1,-1,-1,-1,-1,-1,-1,-1,0,0,0,-1,-1,-1,0,0,0,0,0,0,0,0,0,0,1.0
354,-1,-1,0,-1,-1,1,1,1,1,1,1,-1,-1,1,1,0,1,1,-1,1,-1,1,0,-1,1,-1,0,0,-1,-1,-1,-1,-1,-1,0,1,1,-1,1.0
355,1,0,1,0,0,1,1,-1,-1,0,1,-1,0,1,1,1,1,1,1,0,0,1,1,1,1,1,1,0,-1,1,1,0,0,1,1,1,0,1,1.0
358,1,0,1,-1,1,1,1,1,1,1,1,1,0,1,1,1,1,1,1,1,1,1,1,1,1,1,1,1,-1,1,1,-1,1,1,1,1,1,1,1.0
361,0,0,-1,0,-1,-1,-1,1,1,0,1,-1,0,1,-1,-1,-1,1,-1,1,1,1,1,1,1,-1,0,0,0,0,0,0,0,0,0,0,0,0,1.0
364,1,0,-1,-1,-1,1,0,1,1,1,1,1,0,0,-1,-1,-1,-1,-1,-1,-1,-1,0,-1,-1,1,1,1,1,1,-1,-1,-1,-1,1,0,1,-1,1.0
374,0,0,0,0,0,1,0,0,0,0,1,1,0,1,1,1,0,1,0,-1,-1,-1,0,0,1,-1,1,1,-1,-1,1,0,0,1,1,1,1,1,1.0
378,0,0,-1,-1,-1,-1,-1,-1,-1,-1,-1,-1,-1,-1,-1,-1,-1,-1,-1,-1,-1,-1,0,-1,-1,-1,0,0,-1,-1,-1,-1,-1,-1,-1,-1,-1,-1,1.0
381,-1,-1,-1,-1,-1,1,1,1,-1,1,1,1,-1,1,1,1,1,-1,1,1,-1,1,1,1,1,-1,1,1,-1,-1,-1,-1,-1,-1,1,1,-1,-1,1.0
383,0,0,1,-1,-1,1,0,1,1,1,1,1,-1,1,1,1,1,-1,-1,-1,-1,-1,0,-1,-1,1,1,1,-1,1,1,-1,-1,1,1,1,1,1,1.0
386,0,0,-1,0,0,-1,-1,1,1,0,1,-1,-1,-1,1,0,0,0,0,0,-1,1,0,0,0,-1,0,0,-1,0,0,1,0,0,0,0,0,0,1.0
387,0,0,0,-1,1,1,0,0,0,1,1,-1,-1,1,-1,1,1,1,1,0,0,0,0,0,0,1,1,-1,-1,-1,1,-1,-1,1,1,1,1,1,1.0
389,1,-1,-1,-1,-1,-1,-1,-1,-1,0,1,-1,-1,-1,-1,1,0,0,0,0,0,0,0,0,0,-1,1,-1,-1,1,0,-1,1,1,-1,1,1,-1,1.0
390,1,0,-1,-1,-1,1,0,1,1,0,1,0,-1,1,-1,-1,1,1,-1,-1,-1,1,-1,-1,1,-1,-1,-1,-1,-1,-1,-1,-1,-1,-1,1,1,-1,1.0
392,-1,1,-1,-1,-1,1,1,1,-1,0,1,1,-1,1,1,1,1,-1,-1,1,-1,1,1,1,1,-1,1,1,-1,-1,-1,-1,-1,-1,1,1,-1,1,1.0
395,0,0,1,-1,-1,1,0,1,1,1,1,1,-1,1,1,1,1,1,1,0,1,-1,-1,0,0,1,1,1,1,1,1,-1,-1,-1,1,-1,-1,-1,1.0
400,-1,-1,1,-1,-1,1,0,1,1,0,1,-1,-1,1,-1,1,1,1,1,1,1,1,1,1,1,1,1,-1,-1,1,-1,-1,1,1,1,-1,1,-1,1.0
406,0,0,1,0,-1,1,0,-1,-1,-1,0,-1,-1,1,1,0,0,1,0,0,1,1,0,1,1,0,1,-1,0,0,0,0,0,0,0,0,0,1,1.0
415,-1,-1,-1,-1,1,1,0,1,-1,0,1,1,-1,-1,1,1,1,1,1,1,1,1,1,1,1,1,1,1,1,-1,1,-1,1,1,1,1,1,1,1.0
416,1,0,1,1,1,1,0,-1,1,1,1,-1,-1,1,1,1,1,1,1,1,1,1,1,1,1,1,1,1,-1,1,1,-1,-1,1,1,1,1,1,1.0
419,-1,-1,-1,-1,1,1,0,1,-1,1,1,1,-1,-1,1,1,1,1,1,1,1,1,1,1,1,1,1,1,-1,1,1,-1,-1,-1,1,-1,-1,-1,1.0
420,0,0,-1,-1,-1,1,1,1,1,1,1,1,-1,1,1,1,1,1,0,0,1,1,0,1,1,0,1,1,-1,1,1,-1,-1,1,1,1,1,1,1.0
422,-1,-1,-1,0,-1,-1,-1,1,1,0,1,-1,-1,-1,-1,1,1,1,-1,-1,-1,1,-1,1,1,-1,1,-1,-1,-1,-1,-1,1,1,-1,1,1,1,1.0
424,1,1,-1,0,-1,-1,0,1,1,-1,1,-1,-1,1,1,-1,1,1,-1,1,1,1,1,1,1,-1,1,-1,-1,-1,-1,-1,-1,-1,1,1,1,-1,1.0
439,0,0,-1,0,-1,1,0,-1,-1,0,1,0,-1,1,1,1,1,1,-1,-1,-1,-1,0,-1,1,-1,-1,-1,-1,-1,-1,-1,-1,-1,-1,1,-1,-1,0.5
439,0,0,-1,0,-1,1,0,-1,-1,0,1,0,-1,1,1,1,1,1,-1,-1,-1,1,0,-1,1,-1,-1,-1,-1,-1,-1,-1,-1,-1,-1,1,-1,-1,0.5
440,0,0,1,-1,-1,1,0,1,0,0,1,1,-1,-1,1,1,1,1,1,-1,1,1,0,1,1,1,1,1,-1,1,0,-1,-1,1,1,1,1,1,1.0
441,1,-1,-1,-1,-1,1,0,1,1,1,1,1,0,1,1,1,1,1,-1,1,1,1,1,-1,1,-1,1,-1,-1,-1,-1,-1,-1,-1,-1,1,1,-1,0.5
441,1,-1,-1,-1,-1,1,0,1,1,1,1,1,0,1,-1,1,1,1,-1,1,1,1,1,-1,1,-1,1,-1,-1,-1,-1,-1,-1,-1,-1,1,1,-1,0.5
442,1,-1,1,-1,1,1,0,1,-1,1,1,-1,-1,1,1,1,1,1,1,0,1,-1,-1,1,0,1,1,0,-1,-1,-1,-1,-1,1,1,1,1,-1,1.0
455,-1,-1,1,-1,-1,1,1,1,0,0,1,1,0,-1,1,1,1,1,1,0,1,1,0,1,1,1,1,1,1,-1,-1,-1,0,-1,1,-1,-1,-1,0.5
455,-1,-1,1,-1,-1,1,1,1,0,0,1,1,0,-1,1,1,1,1,1,0,1,1,0,1,1,1,1,1,1,-1,-1,-1,0,-1,1,-1,-1,1,0.5
456,0,-1,0,0,1,1,0,-1,-1,0,1,-1,-1,1,1,1,1,1,0,0,1,0,-1,1,0,0,1,0,1,1,1,-1,1,1,1,1,1,1,1.0
469,-1,-1,-1,-1,-1,1,1,1,1,1,1,1,-1,-1,-1,-1,-1,-1,-1,-1,-1,-1,0,-1,-1,-1,1,0,-1,1,1,-1,1,1,1,1,1,-1,1.0
470,1,1,-1,0,-1,-1,-1,1,1,0,1,-1,-1,-1,1,1,1,1,-1,1,-1,1,1,1,1,-1,1,0,0,0,0,1,1,0,0,0,1,0,1.0
472,0,0,1,-1,-1,1,0,1,1,0,1,0,-1,1,1,1,1,1,-1,-1,-1,-1,-1,1,1,1,1,1,-1,1,1,-1,1,1,1,1,1,1,1.0
476,-1,1,-1,-1,-1,1,1,1,-1,1,1,-1,-1,1,1,1,1,1,1,1,-1,1,1,1,1,-1,1,1,-1,1,1,1,1,1,1,1,1,1,1.0
477,0,0,1,-1,-1,1,0,-1,-1,0,1,-1,-1,1,-1,-1,-1,-1,-1,0,0,0,0,0,0,-1,1,1,-1,-1,-1,-1,-1,1,1,-1,0,-1,1.0
478,0,0,1,-1,-1,-1,0,1,1,0,1,1,-1,-1,1,0,0,0,0,1,1,1,1,1,1,-1,1,1,-1,1,-1,-1,-1,-1,1,-1,-1,-1,1.0
479,0,0,-1,-1,-1,-1,-1,1,1,0,1,-1,1,1,1,0,1,1,0,-1,0,1,0,0,1,-1,1,-1,-1,0,0,0,1,0,0,0,1,1,1.0
483,1,-1,1,-1,1,1,0,1,-1,1,1,-1,-1,1,1,1,1,1,1,-1,1,1,1,1,1,1,1,-1,-1,-1,-1,-1,-1,1,1,1,1,1,1.0
484,1,-1,1,-1,1,1,0,-1,-1,0,1,-1,-1,1,1,1,1,-1,1,1,1,0,1,1,1,1,1,-1,-1,1,-1,-1,-1,1,1,1,-1,-1,1.0
485,0,1,-1,-1,-1,-1,-1,-1,-1,0,1,-1,-1,1,-1,0,0,1,-1,-1,-1,-1,0,1,1,-1,0,0,-1,-1,0,-1,-1,-1,-1,1,1,1,1.0
486,-1,-1,1,-1,1,1,0,1,1,-1,1,-1,-1,1,1,1,1,1,1,-1,-1,-1,0,-1,-1,1,1,1,-1,1,1,-1,1,1,1,-1,1,-1,1.0
490,-1,-1,-1,1,-1,1,1,-1,0,1,1,-1,-1,1,-1,-1,-1,-1,-1,1,1,1,1,1,1,1,1,-1,-1,-1,0,-1,0,1,1,1,1,1,1.0
491,0,0,1,-1,-1,1,0,0,0,1,1,-1,-1,0,-1,-1,-1,-1,-1,-1,-1,-1,0,-1,-1,1,1,1,-1,1,-1,-1,-1,1,1,-1,1,-1,1.0
492,1,1,-1,1,1,-1,-1,-1,-1,-1,1,-1,0,1,-1,1,1,1,-1,-1,0,1,-1,1,1,-1,1,1,-1,-1,-1,-1,-1,1,-1,1,1,1,1.0
493,0,0,-1,-1,0,1,0,1,1,1,1,1,-1,1,1,0,0,0,0,0,0,1,0,1,1,-1,1,1,-1,1,1,-1,1,1,0,1,0,0,1.0
520,1,1,-1,-1,-1,1,1,1,1,1,1,1,1,1,1,1,1,1,-1,1,-1,1,1,1,1,-1,1,-1,-1,1,1,-1,1,1,1,1,1,1,1.0
525,-1,-1,1,-1,1,1,1,1,1,-1,1,-1,-1,1,1,1,1,1,1,-1,-1,-1,0,-1,-1,1,1,1,-1,1,1,-1,1,1,1,-1,1,-1,1.0
526,1,-1,1,-1,-1,1,-1,1,-1,1,1,-1,-1,1,1,1,1,1,1,1,1,1,1,1,1,1,1,-1,-1,1,1,-1,1,1,1,1,1,-1,1.0
534,1,1,-1,-1,-1,-1,-1,1,1,0,1,-1,-1,1,0,1,1,-1,0,1,1,1,0,1,1,1,1,1,-1,-1,0,-1,0,1,1,1,1,-1,1.0
535,0,0,1,-1,0,1,-1,1,0,0,1,1,0,1,0,0,0,0,0,0,0,0,0,1,0,-1,1,0,1,-1,1,0,1,1,1,0,-1,0,1.0
562,1,1,1,0,0,1,1,-1,-1,1,1,1,-1,1,1,1,1,1,1,-1,1,1,0,1,1,0,1,0,-1,-1,-1,1,-1,-1,1,1,1,-1,1.0
563,-1,-1,-1,-1,-1,-1,0,-1,-1,1,1,0,-1,1,1,1,1,1,-1,1,1,1,1,1,1,-1,1,1,-1,-1,-1,-1,-1,1,-1,1,1,-1,1.0
564,1,1,1,-1,-1,1,0,1,-1,-1,1,-1,-1,1,1,1,1,1,1,1,1,1,-1,1,1,1,1,1,-1,1,-1,-1,-1,1,1,1,1,1,1.0
565,1,-1,0,0,0,1,0,1,0,1,1,-1,0,1,1,0,1,1,0,0,0,1,0,0,1,0,1,-1,-1,1,0,1,0,1,0,1,0,0,1.0
570,1,1,-1,-1,-1,1,-1,-1,-1,-1,1,1,-1,1,1,1,1,1,-1,-1,-1,-1,-1,0,1,1,1,0,-1,1,1,-1,-1,1,1,-1,-1,-1,1.0
571,1,1,0,0,0,0,0,-1,-1,0,1,0,0,1,1,0,1,0,0,0,0,1,0,0,1,0,1,-1,0,0,-1,0,1,0,0,1,0,0,1.0
572,-1,-1,0,-1,0,0,0,-1,-1,0,1,0,0,-1,0,0,0,1,0,0,0,1,0,0,0,0,1,1,-1,-1,0,0,0,0,0,0,1,0,0.5
572,1,-1,0,-1,0,0,0,-1,-1,0,1,0,0,-1,0,0,0,1,0,0,0,1,0,0,0,0,1,1,-1,-1,0,0,0,0,0,0,1,0,0.5
576,-1,0,-1,-1,-1,-1,-1,-1,1,1,1,1,0,-1,0,0,1,1,-1,1,0,1,0,0,1,-1,1,1,1,1,1,1,0,1,1,1,1,1,1.0
577,1,1,0,0,0,0,0,-1,-1,0,1,-1,1,1,0,1,0,0,0,1,0,1,0,0,0,0,1,1,0,1,0,-1,0,0,0,0,0,0,1.0
578,-1,-1,-1,-1,0,0,0,-1,-1,0,1,-1,-1,0,1,1,0,1,0,1,0,1,0,0,0,0,1,0,-1,0,-1,0,-1,0,0,0,0,0,1.0
580,-1,-1,-1,-1,-1,1,0,-1,-1,1,1,1,-1,1,-1,-1,-1,-1,-1,-1,0,1,1,1,1,-1,1,0,-1,1,1,1,1,1,1,1,1,1,0.5
580,-1,-1,-1,-1,-1,1,0,-1,-1,1,1,1,-1,1,-1,-1,-1,-1,-1,-1,0,1,1,1,1,-1,1,0,1,1,1,1,1,1,1,1,1,1,0.5
581,-1,-1,-1,-1,-1,-1,-1,-1,-1,0,1,0,-1,-1,1,-1,0,-1,-1,1,-1,1,0,-1,-1,-1,0,0,-1,1,1,1,0,0,0,1,0,1,1.0
582,-1,0,0,0,0,1,0,1,0,0,1,1,0,-1,-1,-1,-1,-1,-1,0,1,1,0,1,1,0,0,1,0,0,-1,0,0,0,0,-1,-1,0,1.0
586,0,0,-1,-1,-1,-1,-1,1,-1,1,1,1,-1,-1,1,-1,1,1,-1,0,-1,1,-1,0,1,1,1,1,-1,-1,1,-1,-1,-1,1,-1,-1,-1,1.0
588,1,1,0,-1,0,0,0,-1,0,0,1,0,-1,-1,1,1,0,1,0,1,-1,1,0,0,1,0,1,1,0,1,0,0,0,-1,0,0,1,0,1.0
589,-1,-1,0,-1,0,-1,-1,-1,-1,0,1,0,-1,1,-1,-1,-1,-1,-1,0,-1,1,0,0,0,0,-1,-1,0,0,0,0,0,1,0,1,1,0,0.125
589,-1,-1,0,-1,0,-1,-1,-1,-1,0,1,0,-1,1,-1,-1,-1,-1,-1,0,-1,1,0,0,0,0,-1,-1,0,0,0,0,0,1,0,-1,1,0,0.125
589,-1,-1,0,-1,0,-1,-1,-1,-1,0,1,0,-1,1,-1,-1,-1,-1,-1,0,-1,1,0,0,0,0,-1,-1,0,0,0,0,0,1,0,-1,-1,0,0.125
589,-1,-1,0,-1,0,-1,-1,-1,-1,0,1,0,-1,1,-1,-1,-1,-1,-1,0,-1,1,0,0,0,0,-1,-1,0,0,0,0,0,1,0,1,-1,0,0.125
589,-1,-1,0,-1,0,-1,-1,-1,-1,0,1,0,-1,1,-1,-1,-1,-1,-1,0,-1,1,0,0,0,0,-1,-1,0,0,0,0,0,-1,0,1,-1,0,0.125
589,-1,-1,0,-1,0,-1,-1,-1,-1,0,1,0,-1,1,-1,-1,-1,-1,-1,0,-1,1,0,0,0,0,-1,-1,0,0,0,0,0,-1,0,-1,1,0,0.125
589,-1,-1,0,-1,0,-1,-1,-1,-1,0,1,0,-1,1,-1,-1,-1,-1,-1,0,-1,1,0,0,0,0,-1,-1,0,0,0,0,0,-1,0,1,1,0,0.125
589,-1,-1,0,-1,0,-1,-1,-1,-1,0,1,0,-1,1,-1,-1,-1,-1,-1,0,-1,1,0,0,0,0,-1,-1,0,0,0,0,0,-1,0,-1,-1,0,0.125
590,-1,-1,-1,-1,-1,1,0,1,1,1,-1,1,-1,1,0,0,0,0,0,0,0,0,0,0,0,-1,-1,1,1,0,1,-1,1,1,1,1,1,-1,0.5
590,-1,-1,-1,-1,-1,1,0,1,1,1,1,1,-1,1,0,0,0,0,0,0,0,0,0,0,0,-1,-1,1,1,0,1,-1,1,1,1,1,1,-1,0.5
592,1,-1,-1,-1,-1,-1,1,1,1,1,1,1,-1,1,-1,-1,1,1,-1,-1,1,1,-1,1,1,-1,1,1,-1,-1,1,-1,-1,-1,1,1,-1,1,0.5
592,1,-1,-1,-1,-1,-1,1,1,1,1,1,1,-1,1,-1,-1,1,1,-1,-1,1,1,-1,1,1,-1,1,1,-1,1,1,-1,-1,-1,1,1,-1,1,0.5
594,-1,-1,0,0,0,1,0,-1,-1,1,1,0,0,1,0,0,0,0,0,1,1,1,1,1,1,0,1,1,0,0,-1,0,0,-1,0,0,0,0,0.5
594,-1,-1,0,0,0,1,0,-1,-1,1,1,0,0,1,0,0,0,0,0,1,1,1,1,1,1,0,1,1,0,0,-1,0,0,1,0,0,0,0,0.5
597,0,0,1,-1,-1,1,0,1,0,0,1,-1,1,-1,0,0,0,1,0,-1,-1,-1,0,0,0,1,1,1,-1,-1,-1,-1,-1,-1,-1,1,1,-1,1.0
598,1,1,0,0,0,0,0,-1,-1,-1,1,0,-1,1,1,1,0,0,0,1,1,1,0,1,0,0,1,1,0,0,0,1,0,-1,0,0,0,0,1.0
599,-1,-1,0,-1,0,1,0,1,0,0,1,1,-1,-1,-1,-1,-1,-1,-1,1,1,1,1,1,0,0,1,1,-1,0,0,0,0,-1,0,0,1,0,0.5
599,-1,-1,0,-1,0,1,0,1,0,0,1,1,-1,-1,-1,-1,-1,-1,-1,1,1,1,1,1,0,0,1,1,-1,0,0,0,0,1,0,0,1,0,0.5
600,1,1,0,1,0,1,1,1,0,0,1,0,0,1,1,0,1,0,0,1,1,1,0,0,0,1,1,0,0,0,1,0,0,-1,0,0,0,0,0.5
600,1,1,0,1,0,1,1,1,0,0,1,0,0,1,1,0,1,0,0,1,1,1,0,0,0,1,1,0,0,0,1,0,0,1,0,0,0,0,0.5
602,0,1,0,0,0,0,0,-1,-1,0,1,-1,-1,1,0,0,0,0,0,0,1,1,1,1,0,1,1,1,0,0,0,0,0,0,0,-1,0,1,1.0
604,-1,-1,0,0,0,-1,-1,-1,-1,-1,1,0,-1,-1,-1,-1,-1,-1,-1,0,0,0,0,0,0,0,1,0,0,0,0,0,0,0,0,0,1,1,1.0
605,1,-1,-1,-1,-1,1,-1,1,0,0,1,1,-1,-1,-1,-1,-1,-1,-1,0,0,0,0,1,0,1,0,1,1,0,0,0,0,0,0,0,1,0,1.0
607,-1,-1,1,-1,-1,-1,-1,-1,-1,0,1,-1,-1,1,1,-1,1,1,0,1,0,1,0,0,0,-1,1,-1,-1,-1,-1,-1,1,1,1,-1,1,0,1.0
608,1,1,0,-1,0,1,0,1,1,1,0,0,0,1,1,0,0,0,0,0,0,0,0,0,0,0,1,0,-1,0,1,0,0,1,0,0,0,1,1.0
609,-1,-1,-1,0,0,-1,-1,-1,0,-1,1,-1,-1,-1,1,0,0,1,0,0,-1,1,0,-1,1,-1,0,1,-1,0,0,0,0,0,0,0,1,0,1.0
610,1,1,0,-1,0,1,0,-1,0,0,1,-1,0,1,0,0,0,0,0,0,1,0,0,1,1,0,0,0,-1,1,0,0,0,1,0,0,0,0,1.0
613,1,1,-1,0,-1,0,0,-1,0,-1,1,-1,1,-1,0,0,0,0,0,1,-1,1,0,-1,1,0,0,0,-1,0,0,0,0,0,0,0,0,0,0.5
613,1,1,-1,0,-1,0,0,-1,0,-1,1,-1,1,1,0,0,0,0,0,1,-1,1,0,-1,1,0,0,0,-1,0,0,0,0,0,0,0,0,0,0.5
614,-1,-1,-1,-1,0,-1,-1,-1,-1,-1,1,-1,0,1,-1,0,0,0,0,0,0,1,0,0,0,-1,1,0,-1,0,-1,0,0,-1,0,-1,0,0,1.0
618,1,1,-1,-1,-1,-1,-1,-1,-1,0,1,0,-1,1,-1,-1,-1,-1,-1,0,0,0,0,0,0,-1,1,0,-1,-1,0,0,0,0,0,0,0,0,1.0
620,-1,-1,0,-1,0,-1,-1,-1,-1,1,1,-1,-1,1,0,0,0,0,0,0,0,0,0,0,0,-1,1,1,-1,0,0,0,0,0,0,0,0,0,1.0
621,0,0,0,-1,0,0,0,1,0,-1,1,-1,0,1,0,0,1,0,0,1,1,1,0,1,1,-1,0,0,-1,0,0,0,1,0,0,1,0,0,1.0
623,1,-1,-1,-1,-1,1,-1,1,-1,0,1,0,-1,-1,1,1,1,1,-1,1,1,1,-1,1,1,-1,1,-1,-1,-1,1,-1,1,-1,-1,1,1,1,0.125
623,1,-1,-1,-1,-1,1,-1,1,-1,0,1,0,-1,-1,1,1,1,1,-1,1,1,1,-1,1,1,-1,1,-1,-1,-1,1,-1,1,-1,-1,1,-1,1,0.125
623,1,-1,-1,-1,-1,1,-1,1,-1,0,1,0,-1,-1,1,1,1,1,-1,1,1,1,-1,1,1,-1,1,-1,-1,-1,1,-1,1,-1,-1,-1,1,1,0.125
623,1,-1,-1,-1,-1,1,-1,1,-1,0,1,0,-1,-1,1,1,1,1,-1,1,1,1,-1,1,1,-1,1,-1,-1,-1,1,-1,1,-1,-1,-1,-1,1,0.125
623,1,-1,-1,-1,-1,1,-1,1,-1,0,1,0,-1,-1,1,1,1,1,-1,1,1,1,-1,1,1,-1,1,-1,-1,-1,1,-1,-1,-1,-1,1,-1,1,0.125
623,1,-1,-1,-1,-1,1,-1,1,-1,0,1,0,-1,-1,1,1,1,1,-1,1,1,1,-1,1,1,-1,1,-1,-1,-1,1,-1,-1,-1,-1,-1,1,1,0.125
623,1,-1,-1,-1,-1,1,-1,1,-1,0,1,0,-1,-1,1,1,1,1,-1,1,1,1,-1,1,1,-1,1,-1,-1,-1,1,-1,-1,-1,-1,-1,-1,1,0.125
623,1,-1,-1,-1,-1,1,-1,1,-1,0,1,0,-1,-1,1,1,1,1,-1,1,1,1,-1,1,1,-1,1,-1,-1,-1,1,-1,-1,-1,-1,1,1,1,0.125
624,1,1,1,-1,0,1,-1,-1,-1,0,1,-1,-1,1,1,1,1,1,1,1,1,1,1,1,1,1,1,1,-1,1,1,-1,1,1,1,1,1,-1,1.0
625,-1,-1,-1,-1,-1,-1,-1,-1,-1,0,1,-1,-1,-1,0,0,0,0,0,0,0,1,0,0,0,-1,0,0,-1,0,0,0,0,0,0,0,0,0,1.0
626,-1,-1,-1,-1,0,-1,-1,0,0,0,1,-1,0,1,-1,0,0,0,0,0,-1,1,0,-1,-1,-1,0,0,-1,0,0,-1,-1,-1,0,0,-1,0,1.0
627,-1,-1,-1,0,0,-1,-1,1,1,-1,1,-1,-1,-1,-1,-1,-1,-1,-1,0,1,1,0,0,0,-1,1,0,-1,0,-1,0,-1,0,0,0,1,0,1.0
629,-1,-1,-1,-1,-1,1,-1,1,-1,1,1,1,-1,-1,1,1,1,1,-1,1,1,1,1,1,1,-1,1,1,-1,1,1,-1,-1,1,1,1,1,-1,1.0
630,0,1,0,0,0,-1,-1,-1,-1,-1,1,0,-1,-1,-1,-1,-1,-1,-1,0,0,1,0,0,0,-1,0,0,0,0,-1,-1,0,0,0,0,1,1,1.0
631,-1,-1,-1,0,0,-1,-1,1,0,-1,1,-1,-1,-1,-1,-1,-1,-1,-1,0,0,0,0,0,0,-1,0,0,0,0,0,0,0,0,0,0,1,0,1.0
632,0,1,-1,-1,-1,1,0,1,1,0,1,-1,-1,1,1,-1,1,1,-1,-1,1,1,-1,1,1,-1,-1,-1,-1,-1,0,-1,0,-1,-1,1,1,-1,1.0
633,-1,-1,-1,-1,-1,1,-1,-1,-1,1,1,1,-1,1,1,1,1,1,-1,0,1,1,0,1,1,1,1,-1,-1,-1,1,-1,-1,-1,-1,-1,-1,-1,1.0
635,1,1,-1,0,-1,-1,-1,-1,-1,-1,1,-1,-1,-1,1,0,0,0,0,1,0,1,0,0,0,-1,1,1,-1,0,1,0,0,0,0,-1,-1,0,1.0
636,0,0,-1,-1,0,1,1,1,0,0,1,1,-1,1,0,0,0,0,0,0,0,0,0,0,0,-1,1,-1,-1,0,1,-1,-1,1,1,1,1,1,1.0
637,1,1,-1,-1,-1,-1,-1,-1,-1,0,1,-1,-1,1,1,0,0,0,0,1,0,1,0,0,0,-1,1,1,-1,0,0,0,-1,-1,0,0,-1,0,1.0
638,1,1,-1,0,-1,-1,-1,-1,0,0,1,-1,-1,-1,-1,-1,-1,-1,-1,0,0,0,0,0,0,-1,0,0,-1,0,0,0,0,0,0,0,0,0,1.0
639,0,0,1,1,-1,1,1,1,1,0,1,1,-1,1,1,1,1,1,1,1,1,1,1,1,1,1,1,1,1,1,1,-1,1,1,1,1,1,1,1.0
645,1,-1,-1,-1,-1,1,1,1,1,1,1,-1,-1,1,1,1,1,1,1,1,-1,1,1,1,1,-1,1,1,-1,1,-1,-1,-1,1,1,1,1,1,1.0
646,0,0,-1,-1,-1,1,0,-1,-1,1,1,-1,-1,-1,-1,-1,-1,1,-1,-1,1,-1,0,-1,-1,-1,1,-1,-1,-1,-1,1,-1,1,1,1,1,1,1.0
647,-1,-1,-1,-1,-1,-1,-1,-1,-1,0,1,-1,-1,-1,0,0,0,0,0,0,0,0,0,0,0,0,1,0,0,0,0,0,0,0,0,-1,-1,0,1.0
649,-1,-1,-1,-1,-1,1,1,1,1,1,1,1,-1,1,-1,-1,-1,-1,-1,-1,-1,-1,0,-1,-1,-1,-1,0,-1,-1,-1,-1,-1,-1,-1,-1,-1,-1,1.0
650,-1,-1,-1,-1,-1,-1,-1,-1,-1,-1,-1,-1,-1,-1,1,1,0,1,0,1,-1,1,1,-1,1,-1,0,1,0,0,0,0,0,0,0,-1,-1,0,0.5
650,-1,-1,-1,-1,-1,-1,-1,-1,-1,-1,1,-1,-1,-1,1,1,0,1,0,1,-1,1,1,-1,1,-1,0,1,0,0,0,0,0,0,0,-1,-1,0,0.5
651,1,-1,0,0,-1,-1,-1,-1,0,-1,1,-1,-1,1,0,0,0,0,0,1,0,0,0,0,0,-1,0,0,-1,0,1,0,0,0,0,-1,-1,0,1.0
652,1,-1,-1,-1,0,-1,-1,-1,-1,-1,1,0,-1,1,-1,-1,-1,-1,-1,-1,-1,-1,0,0,0,-1,0,0,0,0,0,0,0,0,0,0,-1,0,1.0
654,1,1,1,0,1,1,1,1,0,1,1,-1,-1,1,1,1,1,1,1,1,0,0,1,1,1,1,1,0,1,-1,1,-1,1,1,1,1,1,1,1.0
655,-1,-1,-1,-1,-1,-1,-1,-1,-1,-1,-1,-1,-1,1,0,0,0,0,0,1,-1,1,0,-1,-1,-1,0,0,-1,0,0,1,0,0,0,0,-1,0,1.0
657,-1,-1,-1,-1,0,0,0,-1,-1,-1,1,-1,-1,-1,1,0,0,0,0,1,0,1,0,0,0,-1,0,0,-1,0,1,0,0,0,0,0,0,0,0.5
657,-1,-1,-1,-1,0,0,0,-1,-1,-1,1,-1,-1,1,1,0,0,0,0,1,0,1,0,0,0,-1,0,0,-1,0,1,0,0,0,0,0,0,0,0.5
658,-1,-1,-1,0,-1,-1,-1,-1,-1,-1,1,-1,-1,1,-1,-1,-1,-1,-1,0,-1,1,0,0,0,-1,1,0,-1,0,1,-1,0,0,0,-1,1,0,1.0
660,-1,-1,-1,0,-1,-1,0,-1,-1,-1,1,-1,-1,-1,0,1,0,0,0,0,0,0,0,0,0,-1,1,0,-1,0,0,0,0,0,0,-1,1,0,1.0
661,-1,-1,1,-1,1,1,1,1,1,1,1,-1,-1,1,1,1,1,1,1,1,1,1,1,1,1,1,1,1,1,-1,1,-1,1,1,1,1,1,1,1.0
662,1,-1,-1,-1,-1,-1,-1,-1,-1,-1,1,-1,-1,1,0,1,0,0,0,1,1,1,0,0,0,-1,0,0,-1,1,1,-1,0,0,0,0,0,0,1.0
666,1,1,-1,0,-1,-1,-1,0,0,0,1,-1,-1,-1,0,0,0,0,0,0,1,1,0,0,0,-1,1,0,-1,0,1,-1,0,-1,0,-1,-1,0,1.0
667,1,-1,-1,0,-1,-1,-1,-1,-1,-1,1,0,-1,-1,0,0,0,0,0,1,1,1,0,0,0,-1,0,0,-1,0,0,0,0,0,0,0,1,1,1.0
669,1,-1,1,0,0,-1,-1,-1,-1,-1,1,0,-1,-1,-1,-1,-1,-1,-1,-1,-1,-1,0,0,0,-1,1,0,-1,0,0,0,0,0,0,0,-1,0,1.0
671,1,0,-1,1,-1,-1,-1,1,0,1,1,-1,1,-1,0,0,0,0,0,0,-1,1,0,0,0,-1,0,0,-1,0,1,0,0,-1,0,0,1,0,0.25
671,1,0,-1,1,-1,-1,-1,1,0,1,1,-1,1,-1,0,0,0,0,0,0,1,1,0,0,0,-1,0,0,-1,0,1,0,0,-1,0,0,1,0,0.25
671,1,0,-1,1,-1,-1,-1,1,0,1,1,-1,1,1,0,0,0,0,0,0,-1,1,0,0,0,-1,0,0,-1,0,1,0,0,-1,0,0,1,0,0.25
671,1,0,-1,1,-1,-1,-1,1,0,1,1,-1,1,1,0,0,0,0,0,0,1,1,0,0,0,-1,0,0,-1,0,1,0,0,-1,0,0,1,0,0.25
674,0,-1,-1,0,-1,-1,-1,-1,0,-1,1,-1,-1,1,1,1,0,1,0,1,-1,1,0,0,0,-1,0,0,-1,0,0,-1,0,0,0,0,0,0,1.0
675,1,1,-1,0,0,-1,-1,-1,-1,-1,1,-1,-1,1,0,0,0,1,0,0,-1,1,0,0,0,-1,0,0,0,0,1,-1,0,0,0,0,-1,0,1.0
676,-1,-1,1,1,1,1,1,1,1,1,1,-1,-1,1,1,1,1,1,1,1,1,1,1,1,1,1,1,0,1,-1,1,-1,1,1,1,1,0,1,1.0
677,-1,-1,0,0,0,-1,-1,-1,0,0,1,-1,-1,1,-1,-1,-1,-1,-1,0,0,1,0,-1,-1,-1,0,0,0,0,1,0,0,0,0,0,1,0,1.0
679,-1,-1,-1,0,-1,-1,-1,-1,-1,-1,1,0,-1,1,1,0,0,0,0,1,1,1,0,1,0,-1,1,0,-1,0,1,-1,0,0,0,-1,1,0,1.0
680,1,-1,-1,-1,-1,1,0,1,1,0,1,1,-1,1,1,1,1,1,-1,1,1,1,1,1,1,-1,1,-1,-1,-1,-1,-1,-1,-1,1,-1,-1,-1,1.0
681,1,1,-1,-1,-1,0,0,1,0,0,1,-1,-1,-1,1,1,1,1,-1,0,0,0,-1,0,1,-1,-1,0,0,0,-1,-1,-1,1,-1,1,1,0,1.0
682,1,1,0,0,0,-1,-1,0,0,0,1,-1,-1,1,1,0,0,1,0,1,0,1,1,0,1,-1,0,0,-1,0,0,-1,0,0,0,-1,1,0,1.0
684,1,1,-1,0,-1,-1,-1,-1,-1,-1,1,0,-1,1,0,0,1,1,0,1,0,1,0,0,0,-1,0,0,-1,1,0,-1,0,0,0,-1,1,0,1.0
685,-1,-1,-1,0,0,-1,-1,-1,0,-1,1,0,-1,1,0,0,0,1,0,1,0,1,0,0,0,-1,0,0,-1,0,0,-1,0,0,0,-1,1,1,1.0
686,0,0,-1,0,-1,-1,-1,1,0,-1,1,0,-1,1,-1,0,0,1,0,0,-1,1,0,0,0,-1,0,0,-1,0,-1,-1,0,-1,0,0,0,0,1.0
688,0,-1,1,-1,-1,1,1,-1,-1,0,1,-1,0,1,1,1,1,1,1,-1,-1,-1,0,-1,-1,1,1,1,-1,-1,1,-1,-1,1,1,1,1,-1,1.0
689,-1,1,-1,0,-1,-1,-1,-1,-1,-1,1,0,-1,1,-1,-1,-1,-1,-1,0,0,0,0,0,0,-1,0,0,-1,0,-1,-1,0,0,0,0,0,0,1.0
690,-1,-1,1,-1,-1,1,0,1,-1,1,1,-1,-1,1,1,1,1,1,1,-1,-1,-1,-1,-1,-1,1,1,1,-1,-1,-1,-1,-1,1,1,1,1,-1,1.0
691,0,1,-1,0,0,1,0,0,0,1,1,-1,-1,1,0,0,0,0,0,1,1,0,0,0,0,-1,0,0,-1,0,0,-1,-1,-1,0,0,0,0,1.0
710,-1,1,-1,0,0,-1,-1,-1,1,0,1,-1,-1,1,0,0,0,0,0,-1,-1,-1,0,0,1,-1,1,0,-1,0,-1,-1,0,0,0,0,1,0,1.0
711,1,1,-1,0,-1,-1,-1,1,0,-1,1,-1,-1,-1,0,0,0,0,0,0,0,0,0,-1,-1,-1,0,0,-1,1,0,0,0,-1,0,0,0,1,1.0
712,-1,-1,-1,0,0,-1,-1,1,0,0,1,-1,-1,0,0,0,0,1,0,0,0,1,0,0,0,-1,0,0,-1,1,-1,0,0,0,0,0,0,0,1.0
713,-1,-1,-1,0,-1,-1,-1,-1,0,-1,1,0,-1,0,-1,-1,-1,-1,-1,-1,-1,-1,0,-1,-1,-1,0,1,-1,0,-1,0,0,0,0,0,0,0,1.0
714,1,-1,1,-1,1,1,1,1,1,1,1,1,-1,1,1,1,1,1,-1,1,1,1,1,1,1,-1,1,1,-1,1,1,-1,1,1,1,1,1,1,1.0
717,1,-1,-1,0,-1,-1,-1,-1,0,0,1,0,0,1,1,1,0,0,0,1,1,1,0,0,0,-1,0,1,-1,0,0,0,0,-1,0,0,0,0,1.0
719,-1,-1,-1,-1,-1,1,1,1,-1,0,1,1,0,1,-1,-1,-1,-1,-1,-1,-1,-1,0,-1,-1,1,1,1,-1,-1,-1,-1,-1,-1,-1,-1,-1,-1,1.0
721,-1,-1,-1,0,-1,-1,-1,-1,0,-1,1,-1,-1,1,0,1,0,1,0,1,-1,1,0,0,0,-1,0,1,-1,0,0,-1,0,-1,0,-1,-1,0,1.0
722,-1,1,-1,0,-1,-1,-1,-1,0,-1,1,-1,-1,1,1,0,0,0,0,1,-1,1,0,0,0,-1,0,0,-1,0,1,0,0,-1,0,-1,1,0,1.0
723,0,1,-1,0,0,-1,-1,-1,-1,-1,1,-1,-1,-1,-1,-1,-1,-1,-1,0,0,0,0,0,0,-1,0,0,-1,0,-1,0,0,0,0,-1,0,0,1.0
726,1,-1,-1,-1,-1,-1,-1,-1,-1,0,1,1,-1,-1,-1,-1,-1,-1,-1,-1,-1,-1,0,-1,1,-1,1,1,1,-1,1,-1,1,1,1,1,1,1,0.5
726,1,-1,-1,-1,-1,-1,-1,-1,-1,0,1,1,-1,-1,-1,-1,-1,-1,-1,-1,-1,-1,0,-1,1,-1,1,1,1,1,1,-1,1,1,1,1,1,1,0.5
727,1,1,-1,-1,-1,1,-1,1,-1,-1,1,1,-1,1,0,0,0,0,0,0,-1,0,0,0,0,-1,1,1,-1,1,-1,-1,1,1,1,1,1,1,1.0
728,-1,-1,-1,0,0,-1,-1,-1,-1,-1,1,-1,0,-1,-1,-1,-1,-1,-1,-1,-1,-1,0,-1,-1,-1,0,0,-1,0,0,-1,1,-1,0,0,0,0,1.0
729,-1,1,-1,0,-1,-1,-1,-1,-1,0,0,0,-1,1,1,0,0,0,0,1,0,1,0,0,0,-1,0,0,0,0,-1,-1,0,-1,0,0,0,1,1.0
732,1,1,-1,0,-1,-1,-1,0,1,0,1,-1,1,-1,0,0,0,0,0,1,-1,1,0,0,0,-1,0,0,-1,0,1,0,0,0,0,0,1,1,1.0
733,-1,-1,-1,0,0,-1,-1,-1,-1,-1,1,0,1,-1,0,0,0,0,0,0,0,1,0,0,0,-1,0,0,0,0,-1,0,0,0,0,0,0,0,1.0
736,0,0,-1,0,-1,-1,-1,-1,-1,0,1,-1,-1,-1,0,0,0,0,0,0,0,1,0,0,0,-1,0,0,-1,0,1,-1,0,0,0,0,1,0,1.0
737,1,1,-1,0,0,-1,-1,-1,-1,0,0,0,-1,-1,-1,-1,-1,-1,-1,-1,-1,-1,0,-1,-1,-1,0,0,-1,-1,-1,0,0,-1,0,0,1,0,1.0
738,0,0,-1,0,-1,1,0,1,1,0,1,-1,-1,1,1,1,1,1,-1,1,1,1,1,1,1,-1,1,0,-1,1,1,-1,1,1,1,1,1,1,1.0
739,1,1,-1,0,0,-1,-1,0,0,-1,1,-1,0,-1,-1,-1,0,0,-1,0,0,1,0,0,1,0,1,-1,-1,0,1,0,1,-1,-1,1,1,-1,1.0
742,1,0,1,-1,-1,1,-1,1,1,0,1,1,-1,-1,-1,-1,-1,-1,-1,-1,-1,-1,0,-1,-1,-1,1,1,1,-1,-1,-1,1,1,1,1,1,-1,1.0
744,0,0,-1,0,0,0,0,-1,-1,0,1,0,-1,1,1,1,1,0,0,1,1,1,0,0,0,0,0,0,0,0,0,0,0,0,0,0,1,1,1.0
745,1,1,-1,0,0,-1,-1,0,0,0,1,-1,-1,-1,0,-1,-1,1,-1,-1,-1,1,-1,-1,1,-1,1,-1,-1,1,1,1,-1,1,-1,-1,0,1,1.0
748,0,0,-1,0,0,-1,-1,-1,0,0,1,-1,-1,-1,0,0,0,0,0,1,0,1,0,0,1,-1,0,0,0,0,1,0,0,-1,0,0,1,0,1.0
749,-1,-1,-1,-1,-1,-1,-1,-1,-1,1,1,1,-1,-1,1,0,1,1,-1,-1,1,1,-1,1,1,-1,-1,-1,-1,-1,1,-1,1,1,1,1,1,1,1.0
750,1,1,-1,1,-1,-1,-1,0,0,0,1,-1,0,-1,-1,-1,-1,-1,-1,0,0,0,0,0,0,0,0,0,1,1,1,1,-1,-1,-1,0,0,0,1.0
751,0,0,1,0,-1,0,0,1,0,0,-1,0,0,1,1,-1,1,1,-1,1,1,1,1,1,1,1,1,1,1,1,1,-1,-1,1,1,1,1,-1,1.0
752,-1,1,-1,-1,-1,1,-1,1,-1,-1,1,1,-1,1,0,0,0,0,0,0,-1,0,0,0,0,-1,1,1,-1,1,-1,-1,1,1,1,1,-1,0,1.0
755,-1,1,1,-1,1,1,1,1,1,0,1,-1,-1,1,-1,-1,-1,-1,-1,-1,1,1,-1,1,1,-1,1,-1,-1,-1,1,-1,-1,1,1,-1,-1,1,0.5
755,-1,1,1,-1,1,1,1,1,1,0,1,-1,-1,1,-1,-1,-1,-1,-1,-1,1,1,-1,1,1,1,1,-1,-1,-1,1,-1,-1,1,1,-1,-1,1,0.5
757,1,0,-1,0,-1,-1,-1,1,1,0,1,-1,0,-1,1,0,0,0,0,0,0,1,0,0,1,0,0,0,-1,1,1,-1,0,1,0,1,1,0,1.0
759,1,1,-1,0,-1,-1,-1,-1,-1,-1,1,-1,-1,1,-1,-1,-1,-1,-1,0,0,0,0,0,0,-1,0,0,0,0,-1,-1,0,0,0,0,-1,0,1.0
764,-1,1,-1,0,0,-1,-1,-1,-1,0,1,-1,-1,-1,-1,-1,-1,-1,-1,-1,-1,-1,0,-1,-1,-1,0,0,-1,-1,0,0,0,-1,0,-1,-1,0,1.0
765,0,0,-1,-1,-1,1,-1,-1,-1,-1,1,-1,-1,-1,-1,-1,-1,-1,-1,-1,-1,-1,0,-1,-1,1,-1,1,-1,1,1,-1,1,1,1,-1,-1,-1,1.0
766,-1,-1,-1,0,0,-1,-1,0,0,0,1,-1,0,0,-1,-1,-1,-1,-1,0,0,0,0,-1,-1,-1,0,0,0,0,0,-1,0,0,0,-1,1,0,1.0
768,0,0,-1,0,0,-1,-1,0,0,-1,1,-1,-1,-1,-1,-1,-1,-1,-1,1,-1,1,0,0,0,-1,0,0,-1,0,-1,0,0,0,0,0,-1,0,1.0
769,0,0,0,0,0,0,0,1,0,0,1,0,-1,-1,-1,-1,-1,-1,-1,-1,-1,-1,0,0,0,0,1,0,-1,1,0,0,0,1,0,1,1,1,1.0
770,-1,1,-1,-1,-1,1,-1,1,-1,1,0,-1,-1,-1,-1,-1,-1,-1,-1,-1,-1,-1,0,-1,-1,-1,1,-1,0,0,-1,-1,-1,1,1,-1,-1,-1,1.0
771,0,0,1,-1,1,-1,-1,-1,-1,0,1,-1,-1,1,1,1,1,1,1,1,1,1,1,1,1,1,1,1,-1,1,1,-1,-1,1,1,-1,-1,1,1.0
775,-1,-1,-1,-1,-1,1,0,1,1,0,1,1,-1,-1,1,1,1,1,-1,-1,-1,1,0,-1,1,-1,1,1,-1,-1,1,-1,-1,-1,1,1,1,-1,0.25
775,-1,1,-1,-1,-1,1,0,1,1,0,1,1,-1,-1,1,1,1,1,-1,-1,-1,1,0,-1,1,-1,1,1,-1,-1,1,-1,-1,-1,1,1,1,-1,0.25
775,1,-1,-1,-1,-1,1,0,1,1,0,1,1,-1,-1,1,1,1,1,-1,-1,-1,1,0,-1,1,-1,1,1,-1,-1,1,-1,-1,-1,1,1,1,-1,0.25
775,1,1,-1,-1,-1,1,0,1,1,0,1,1,-1,-1,1,1,1,1,-1,-1,-1,1,0,-1,1,-1,1,1,-1,-1,1,-1,-1,-1,1,1,1,-1,0.25
788,-1,-1,-1,0,-1,1,0,1,0,-1,1,-1,-1,1,-1,-1,1,1,-1,-1,-1,1,-1,-1,1,-1,1,-1,-1,1,-1,-1,-1,1,0,1,1,-1,1.0
794,1,1,-1,0,0,-1,-1,-1,0,-1,1,-1,-1,-1,1,0,1,1,0,1,-1,1,0,0,0,-1,0,0,-1,-1,1,-1,-1,0,0,1,1,1,1.0
802,0,0,-1,-1,-1,1,0,-1,0,0,1,0,-1,-1,1,-1,0,1,-1,0,0,0,0,1,0,1,1,1,1,-1,1,-1,0,1,1,1,1,-1,1.0
812,0,0,-1,-1,0,1,0,-1,-1,0,0,-1,-1,1,-1,-1,-1,-1,-1,-1,-1,-1,0,-1,-1,-1,0,-1,-1,-1,-1,-1,-1,-1,1,-1,-1,1,1.0
826,0,0,-1,0,-1,1,-1,1,-1,-1,1,-1,-1,-1,-1,-1,-1,-1,-1,-1,-1,-1,0,-1,-1,1,1,1,-1,-1,-1,-1,-1,1,1,-1,-1,-1,1.0
834,-1,-1,1,-1,-1,1,1,1,1,1,-1,-1,-1,-1,-1,-1,-1,-1,-1,-1,-1,-1,0,-1,-1,-1,1,-1,1,1,-1,-1,-1,1,1,-1,-1,-1,1.0
839,1,0,1,1,1,1,1,1,1,-1,1,-1,-1,1,1,1,1,1,1,-1,1,1,1,1,1,1,1,1,-1,1,-1,-1,-1,1,1,-1,-1,-1,1.0
841,-1,-1,-1,-1,-1,1,1,1,1,1,1,1,-1,-1,1,-1,1,1,-1,-1,1,1,0,-1,-1,1,1,0,1,-1,-1,-1,1,1,1,-1,1,1,1.0
842,-1,-1,1,-1,-1,1,-1,-1,-1,0,1,-1,-1,1,1,1,1,1,1,-1,-1,-1,1,1,1,1,1,1,-1,1,-1,-1,-1,-1,-1,-1,1,-1,1.0
843,0,0,1,0,1,1,0,1,1,1,1,-1,-1,1,1,1,1,1,1,1,1,1,1,1,1,1,1,1,1,-1,1,-1,-1,1,1,0,1,1,1.0
846,-1,-1,-1,-1,-1,1,-1,1,1,1,1,1,-1,1,-1,-1,-1,-1,-1,-1,-1,-1,0,-1,-1,1,1,-1,0,-1,1,-1,1,1,1,1,0,1,1.0
848,1,-1,1,-1,-1,1,1,1,1,1,-1,-1,-1,1,-1,-1,-1,-1,-1,-1,-1,-1,0,-1,-1,1,1,1,-1,1,1,1,-1,1,1,-1,1,1,1.0
849,-1,-1,1,-1,-1,-1,0,-1,-1,0,1,-1,-1,1,1,1,1,1,-1,1,1,1,1,1,-1,1,1,-1,-1,-1,-1,-1,-1,1,1,-1,1,-1,1.0
850,1,1,-1,-1,-1,-1,0,1,1,0,1,-1,1,-1,0,0,0,0,0,0,0,1,0,0,1,-1,1,0,-1,-1,0,-1,0,0,1,0,1,1,1.0
851,1,1,-1,-1,-1,1,1,1,-1,0,1,1,-1,1,1,1,1,-1,-1,1,-1,1,1,-1,1,-1,1,1,-1,-1,-1,-1,-1,-1,1,-1,1,1,1.0
852,1,1,-1,0,-1,-1,0,1,1,0,1,-1,-1,-1,1,1,1,1,-1,0,-1,1,1,0,1,-1,1,1,-1,-1,1,1,0,0,1,0,0,0,1.0
854,-1,1,-1,-1,0,-1,1,1,1,0,1,-1,-1,1,1,-1,1,0,-1,1,-1,1,1,1,1,-1,1,-1,-1,-1,1,-1,1,1,1,1,1,1,1.0
855,-1,0,1,-1,-1,1,1,1,-1,-1,1,-1,-1,1,1,1,1,1,1,-1,1,1,-1,1,1,1,1,1,-1,1,-1,1,1,1,1,-1,1,1,1.0
857,-1,-1,1,-1,-1,1,-1,-1,-1,0,1,-1,-1,1,1,1,1,1,1,-1,1,-1,1,1,1,1,1,1,-1,1,1,-1,1,1,1,-1,-1,-1,1.0
858,1,1,1,-1,1,1,-1,-1,-1,1,1,-1,-1,1,0,0,0,0,0,1,1,1,1,1,1,1,1,1,-1,1,1,0,-1,1,1,1,1,1,1.0
859,1,-1,0,-1,0,1,0,-1,-1,0,1,-1,-1,1,1,1,1,1,-1,-1,-1,-1,1,1,-1,1,1,1,0,1,-1,-1,-1,1,1,1,1,-1,1.0
860,0,0,-1,-1,-1,-1,-1,-1,-1,0,1,0,-1,1,1,-1,1,1,-1,-1,-1,-1,0,-1,-1,1,1,-1,-1,1,-1,-1,0,-1,1,1,1,0,1.0
862,-1,-1,-1,-1,1,1,-1,1,-1,1,1,1,-1,1,-1,-1,-1,-1,-1,-1,-1,-1,0,-1,-1,1,1,1,-1,1,-1,-1,-1,-1,1,-1,-1,-1,1.0
863,-1,-1,0,0,-1,1,0,0,0,0,1,0,0,1,0,0,0,0,0,0,0,0,1,1,-1,0,1,1,-1,0,1,-1,0,0,1,1,0,1,1.0
867,-1,-1,1,-1,-1,1,-1,1,1,1,1,1,-1,1,-1,-1,-1,-1,-1,1,1,1,1,1,1,1,1,1,-1,-1,-1,-1,1,1,1,1,1,1,1.0
869,1,1,1,-1,1,1,1,1,1,1,1,1,-1,1,1,1,1,1,0,1,1,1,1,1,1,1,1,0,1,0,1,0,1,1,1,1,1,1,1.0
870,-1,-1,-1,-1,-1,1,-1,1,1,1,1,1,-1,-1,1,0,1,1,-1,-1,1,1,0,1,1,-1,1,0,-1,-1,1,-1,-1,1,1,1,1,1,1.0
871,-1,-1,-1,-1,-1,-1,-1,-1,-1,0,1,-1,-1,1,-1,-1,-1,-1,-1,-1,-1,-1,0,-1,-1,-1,1,1,-1,-1,-1,-1,-1,-1,1,-1,-1,-1,1.0
873,0,0,1,-1,1,1,0,-1,-1,1,1,-1,-1,1,1,1,1,1,1,1,1,1,-1,1,1,1,1,1,1,1,1,-1,1,1,1,1,1,-1,1.0
877,1,-1,-1,-1,-1,1,-1,1,1,1,1,1,-1,-1,-1,-1,-1,-1,-1,-1,-1,-1,0,-1,-1,1,1,1,-1,1,1,-1,1,1,1,-1,-1,-1,1.0
879,1,-1,1,-1,-1,1,0,-1,-1,0,1,-1,-1,1,1,1,1,-1,1,-1,1,1,-1,1,1,1,1,1,-1,1,-1,-1,-1,-1,1,-1,-1,-1,1.0
880,-1,1,1,-1,1,1,1,-1,-1,0,1,-1,-1,1,1,-1,1,1,1,1,1,1,0,-1,-1,1,1,1,-1,1,0,1,-1,1,1,1,1,1,1.0
882,-1,-1,1,-1,0,1,-1,-1,-1,0,1,1,-1,1,-1,-1,-1,-1,-1,-1,-1,-1,0,-1,-1,0,-1,1,-1,-1,0,-1,-1,1,-1,1,0,-1,1.0
883,-1,-1,-1,-1,-1,1,1,1,1,0,1,-1,-1,1,1,1,1,-1,1,-1,1,-1,-1,1,1,1,1,1,-1,1,-1,-1,-1,1,1,-1,1,-1,1.0
884,-1,1,1,1,-1,1,-1,-1,-1,1,1,-1,-1,1,1,1,1,1,1,-1,1,1,-1,1,1,1,1,1,-1,-1,-1,-1,-1,1,1,-1,1,-1,1.0
885,-1,-1,-1,-1,1,-1,-1,1,1,1,1,-1,-1,1,1,1,1,1,1,1,-1,1,-1,-1,1,-1,1,1,-1,1,1,-1,1,1,1,1,1,1,1.0
886,-1,-1,-1,-1,-1,1,1,-1,-1,1,1,1,-1,1,1,1,1,1,1,1,1,1,1,1,1,-1,1,1,-1,1,1,-1,-1,1,1,1,1,1,1.0
887,-1,-1,-1,-1,-1,-1,-1,-1,1,1,1,1,-1,1,1,0,1,1,-1,-1,-1,1,0,-1,1,0,-1,0,-1,0,0,-1,-1,1,-1,1,1,1,1.0
888,0,0,-1,0,0,1,0,0,0,0,1,-1,0,1,1,1,1,1,1,1,1,-1,1,1,1,1,1,1,1,1,1,-1,1,1,1,1,1,1,0.5
888,0,0,-1,0,0,1,0,0,0,0,1,-1,0,1,1,1,1,1,1,1,1,1,1,1,1,1,1,1,1,1,1,-1,1,1,1,1,1,1,0.5
891,1,-1,1,-1,1,1,1,1,1,1,1,-1,-1,1,1,1,1,1,1,-1,1,1,1,1,1,1,1,1,-1,1,1,-1,1,1,1,1,1,1,1.0
892,-1,-1,1,-1,-1,1,0,-1,-1,0,1,-1,-1,1,1,1,1,1,1,1,1,-1,-1,1,1,1,1,1,-1,1,-1,-1,-1,1,1,-1,-1,-1,0.5
892,-1,-1,1,-1,-1,1,0,-1,-1,0,-1,-1,-1,1,1,1,1,1,1,1,1,-1,-1,1,1,1,1,1,-1,1,-1,-1,-1,1,1,-1,-1,-1,0.5
893,0,0,1,-1,-1,1,0,-1,-1,-1,1,-1,-1,1,-1,-1,-1,-1,-1,-1,-1,-1,0,-1,-1,1,1,1,-1,1,1,-1,-1,-1,1,0,1,-1,1.0
894,1,0,1,-1,-1,1,-1,-1,-1,-1,1,-1,-1,1,1,1,1,1,1,1,1,1,1,1,1,1,1,1,-1,-1,-1,-1,-1,1,1,-1,-1,-1,1.0
896,0,-1,-1,-1,-1,1,1,1,1,1,1,1,-1,1,-1,-1,1,1,-1,-1,1,1,-1,1,1,1,1,-1,-1,-1,-1,-1,1,1,-1,-1,1,-1,1.0
897,-1,-1,-1,-1,-1,1,-1,-1,-1,1,1,-1,-1,1,0,0,0,0,0,0,0,0,0,0,0,1,1,1,-1,1,1,-1,-1,1,1,1,1,1,1.0
899,0,0,1,0,-1,1,0,1,-1,1,1,-1,-1,1,1,1,1,1,1,-1,1,1,0,1,1,-1,1,-1,-1,1,1,1,-1,1,1,1,1,1,1.0
900,0,1,0,0,0,1,0,1,1,-1,1,-1,-1,1,0,0,0,0,0,1,1,0,1,1,0,0,1,0,-1,0,1,-1,-1,1,1,1,1,1,1.0
903,-1,-1,0,-1,-1,1,-1,1,1,0,1,1,0,0,0,0,0,0,0,0,0,0,0,0,0,0,1,0,-1,1,0,0,-1,0,1,0,0,0,1.0
906,-1,-1,1,0,-1,1,1,1,-1,0,1,-1,-1,1,1,1,1,1,1,1,1,-1,0,-1,-1,1,1,1,-1,1,-1,-1,1,1,1,-1,1,-1,1.0
910,1,-1,1,-1,-1,1,1,-1,-1,0,1,-1,-1,1,1,1,1,1,-1,-1,1,1,-1,1,1,1,1,1,-1,-1,-1,-1,0,1,1,1,-1,-1,0.5
910,1,-1,1,-1,-1,1,1,-1,-1,0,1,-1,-1,1,1,1,1,1,-1,-1,1,1,-1,1,1,1,-1,1,-1,-1,-1,-1,0,1,1,1,-1,-1,0.5
914,1,-1,1,-1,-1,1,0,-1,1,1,1,-1,-1,1,1,1,1,1,1,1,1,-1,1,1,-1,1,1,1,-1,1,-1,-1,-1,1,1,1,1,1,1.0
915,-1,-1,1,-1,0,0,-1,-1,-1,-1,1,-1,-1,1,1,1,1,1,1,-1,-1,-1,0,-1,-1,1,1,1,-1,-1,-1,-1,-1,0,1,-1,1,0,1.0
918,-1,0,-1,1,-1,-1,-1,-1,0,1,0,-1,-1,-1,-1,0,1,1,-1,0,0,0,-1,-1,1,-1,-1,-1,-1,0,-1,-1,0,0,-1,0,1,-1,1.0
919,-1,-1,-1,-1,-1,1,1,1,1,1,1,-1,-1,1,1,1,1,-1,-1,-1,1,-1,-1,1,1,1,1,1,-1,1,-1,-1,-1,1,1,1,-1,-1,1.0
921,1,-1,-1,-1,-1,-1,-1,-1,-1,1,1,-1,-1,1,1,1,1,1,-1,-1,1,1,1,1,1,-1,1,-1,-1,1,1,-1,-1,-1,1,1,1,1,1.0
924,1,1,1,1,-1,1,1,0,1,1,1,-1,-1,-1,-1,-1,-1,-1,-1,-1,-1,-1,0,-1,-1,1,1,-1,-1,1,1,-1,1,1,1,1,1,1,1.0
925,0,0,-1,-1,1,1,1,-1,-1,-1,1,-1,-1,1,1,1,1,1,-1,-1,1,1,1,1,1,1,1,1,-1,1,1,1,-1,1,1,1,1,1,1.0
926,0,0,-1,-1,1,1,0,1,1,1,1,1,-1,-1,1,1,1,1,-1,1,1,1,1,1,1,1,1,1,1,1,1,-1,-1,1,1,1,1,-1,1.0
927,1,1,1,-1,1,1,0,1,0,0,1,-1,-1,1,1,1,1,1,-1,1,1,1,1,1,1,0,1,0,-1,1,1,1,-1,1,1,1,0,1,1.0
928,1,-1,1,-1,-1,-1,-1,-1,-1,-1,1,-1,-1,-1,1,-1,1,1,-1,1,-1,1,-1,-1,1,1,1,-1,-1,1,-1,-1,-1,1,1,1,1,-1,1.0
929,0,0,-1,-1,-1,1,-1,1,1,1,-1,0,-1,-1,-1,-1,1,1,-1,-1,-1,-1,-1,-1,1,1,1,-1,-1,-1,-1,-1,-1,-1,1,-1,-1,-1,1.0
931,1,1,1,-1,1,1,1,1,1,1,1,-1,-1,1,-1,1,1,1,1,0,1,1,-1,1,1,1,1,1,1,1,-1,-1,1,1,1,1,1,-1,1.0
933,-1,-1,1,-1,-1,1,0,-1,-1,0,1,-1,-1,1,1,1,1,1,-1,1,1,-1,1,1,-1,1,1,1,1,1,1,-1,-1,1,1,1,1,-1,1.0
934,1,1,-1,-1,-1,1,1,1,1,1,1,1,-1,-1,1,0,1,1,1,-1,1,1,0,1,1,-1,1,0,-1,0,1,-1,-1,1,1,0,1,1,1.0
935,-1,1,1,-1,1,1,-1,1,-1,1,1,-1,-1,1,1,1,1,1,1,-1,-1,1,-1,1,1,1,1,-1,-1,1,1,-1,-1,1,1,-1,1,-1,1.0
937,0,0,-1,-1,1,1,0,1,-1,0,1,-1,-1,1,1,1,1,1,-1,1,0,1,1,-1,1,-1,1,-1,1,-1,-1,-1,-1,1,-1,-1,1,-1,1.0
938,-1,1,-1,-1,-1,-1,-1,1,-1,-1,1,-1,-1,1,-1,-1,-1,-1,-1,1,-1,1,0,-1,1,-1,-1,-1,-1,-1,-1,-1,1,1,-1,1,1,-1,1.0
939,0,0,-1,0,0,0,0,0,0,0,1,-1,-1,-1,-1,-1,-1,-1,-1,-1,-1,-1,0,0,0,0,1,0,-1,1,1,1,1,-1,-1,1,1,1,1.0
940,-1,1,-1,1,1,-1,-1,1,1,-1,1,-1,-1,-1,1,1,1,1,1,0,0,0,0,0,0,-1,1,-1,-1,-1,-1,-1,-1,1,1,1,1,-1,1.0
941,1,-1,-1,-1,-1,1,-1,1,-1,1,1,1,0,1,1,1,1,1,-1,1,1,-1,1,1,-1,1,-1,1,1,-1,1,1,-1,1,1,-1,1,1,1.0
942,-1,-1,1,-1,-1,1,-1,-1,-1,-1,1,-1,-1,1,1,1,1,1,1,-1,1,1,-1,1,1,1,1,1,-1,1,-1,-1,-1,1,1,-1,-1,-1,1.0
943,1,1,1,0,0,1,0,1,-1,-1,1,-1,-1,1,1,1,1,1,1,1,1,1,0,1,1,1,1,0,-1,1,1,-1,1,1,1,1,1,-1,1.0
944,1,1,1,0,1,1,0,1,-1,1,1,-1,-1,1,1,1,1,1,1,1,1,1,1,1,1,1,1,1,-1,1,-1,-1,1,1,1,1,1,-1,1.0
946,1,1,-1,-1,-1,1,0,1,1,1,1,1,-1,-1,1,1,1,1,-1,1,1,1,0,-1,-1,1,1,1,-1,1,-1,-1,1,1,1,1,1,-1,0.5
946,1,1,-1,-1,-1,1,0,1,1,1,1,1,-1,-1,1,1,1,1,-1,1,1,1,0,-1,-1,1,1,1,1,1,-1,-1,1,1,1,1,1,-1,0.5
948,0,-1,1,-1,0,1,-1,-1,-1,0,1,-1,0,1,1,1,1,1,1,1,1,-1,1,1,-1,1,1,0,-1,1,0,-1,-1,1,1,1,1,0,0.5
948,0,-1,1,-1,0,1,1,-1,-1,0,1,-1,0,1,1,1,1,1,1,1,1,-1,1,1,-1,1,1,0,-1,1,0,-1,-1,1,1,1,1,0,0.5
949,-1,-1,-1,-1,-1,-1,-1,-1,-1,-1,1,-1,-1,-1,-1,-1,-1,-1,-1,-1,-1,-1,-1,-1,1,-1,-1,-1,-1,-1,-1,-1,-1,-1,1,-1,-1,-1,1.0
950,1,-1,1,-1,-1,1,1,-1,-1,-1,1,-1,-1,1,1,1,1,-1,1,-1,1,1,-1,1,1,1,1,1,-1,1,-1,-1,-1,1,-1,-1,-1,-1,1.0
952,-1,-1,-1,-1,-1,1,0,1,-1,-1,1,-1,-1,-1,1,1,1,1,-1,-1,-1,-1,1,-1,1,1,1,1,-1,1,1,-1,-1,1,1,-1,1,1,1.0
953,1,-1,-1,-1,-1,1,-1,-1,-1,-1,1,-1,-1,1,1,1,1,-1,-1,-1,1,-1,-1,1,1,1,1,-1,-1,1,-1,-1,-1,-1,-1,-1,-1,-1,1.0
957,-1,-1,-1,0,-1,-1,-1,1,1,1,1,0,-1,1,1,0,1,1,-1,0,1,1,0,1,1,-1,1,-1,-1,-1,1,-1,0,1,-1,0,1,-1,1.0
958,1,1,1,-1,1,1,1,1,-1,0,1,-1,-1,1,1,1,1,1,1,1,1,-1,0,0,0,1,1,1,1,1,-1,-1,1,1,1,-1,1,-1,1.0
960,1,-1,1,-1,-1,1,1,1,-1,1,1,1,-1,-1,1,-1,1,1,-1,1,1,1,1,1,1,1,1,1,-1,-1,-1,-1,1,1,1,1,1,-1,1.0
961,-1,-1,-1,-1,-1,1,1,1,1,1,1,-1,-1,1,1,1,1,1,1,1,1,1,1,1,1,1,1,1,-1,-1,-1,-1,-1,-1,-1,1,-1,-1,1.0
962,1,1,1,-1,-1,1,1,1,1,1,1,1,-1,-1,-1,-1,-1,-1,-1,1,1,1,0,1,1,1,1,0,1,1,1,-1,-1,1,1,-1,-1,1,1.0
963,-1,1,1,-1,1,1,1,1,1,0,1,-1,-1,1,0,1,1,1,1,1,1,1,-1,1,1,1,1,1,1,-1,1,-1,1,1,1,1,1,1,1.0
964,-1,0,-1,0,-1,1,0,1,1,1,1,0,-1,1,-1,-1,-1,-1,-1,-1,-1,-1,-1,1,1,1,1,1,-1,1,1,-1,-1,0,-1,-1,-1,-1,1.0
965,1,0,1,0,1,1,0,0,0,0,1,-1,-1,1,1,1,1,1,1,1,1,-1,1,1,-1,1,1,1,1,-1,1,-1,1,1,1,1,1,1,1.0
966,1,1,1,-1,-1,1,0,1,1,1,1,-1,-1,1,1,1,1,1,1,1,1,1,-1,1,1,1,1,1,-1,1,1,-1,-1,1,1,1,1,1,0.5
966,1,1,1,-1,-1,1,0,1,1,1,1,-1,-1,1,1,1,1,1,1,1,1,1,1,1,1,1,1,1,-1,1,1,-1,-1,1,1,1,1,1,0.5
967,-1,-1,-1,-1,-1,1,0,-1,-1,-1,-1,-1,-1,-1,-1,-1,-1,-1,-1,-1,-1,-1,0,-1,-1,-1,1,-1,-1,-1,-1,-1,-1,-1,1,-1,-1,-1,0.25
967,-1,-1,-1,-1,-1,1,0,-1,-1,-1,1,-1,-1,-1,-1,-1,-1,-1,-1,-1,-1,-1,0,-1,-1,-1,1,-1,-1,-1,-1,-1,-1,-1,1,-1,-1,-1,0.25
967,1,-1,-1,-1,-1,1,0,-1,-1,-1,-1,-1,-1,-1,-1,-1,-1,-1,-1,-1,-1,-1,0,-1,-1,-1,1,-1,-1,-1,-1,-1,-1,-1,1,-1,-1,-1,0.25
967,1,-1,-1,-1,-1,1,0,-1,-1,-1,1,-1,-1,-1,-1,-1,-1,-1,-1,-1,-1,-1,0,-1,-1,-1,1,-1,-1,-1,-1,-1,-1,-1,1,-1,-1,-1,0.25
968,0,0,1,-1,1,1,-1,-1,-1,-1,1,-1,-1,1,1,1,1,-1,1,-1,1,1,-1,1,1,1,1,1,-1,1,-1,-1,1,1,1,1,1,-1,1.0
969,-1,-1,1,-1,-1,1,0,-1,-1,0,1,1,-1,-1,-1,-1,-1,-1,-1,-1,-1,-1,0,-1,-1,-1,1,1,-1,1,-1,-1,-1,1,1,1,1,-1,1.0
970,1,0,1,-1,-1,1,0,1,1,0,1,-1,-1,1,1,1,1,1,1,1,1,1,1,1,1,-1,1,1,-1,1,0,-1,0,1,1,1,1,1,1.0
971,1,1,1,1,-1,1,-1,1,1,1,1,0,-1,1,1,1,1,1,-1,-1,-1,-1,-1,1,1,-1,1,-1,-1,-1,-1,1,-1,1,-1,1,1,1,1.0
972,-1,1,1,0,-1,1,0,1,1,0,1,-1,-1,1,1,1,1,1,1,1,1,1,-1,1,1,1,-1,1,-1,1,-1,-1,-1,1,1,0,1,-1,1.0
973,1,1,-1,0,-1,-1,-1,-1,1,-1,1,-1,-1,1,1,1,1,1,-1,1,1,1,0,-1,-1,-1,1,1,-1,1,1,-1,-1,1,-1,1,1,1,1.0
974,1,1,1,-1,1,1,-1,1,1,1,1,-1,-1,1,1,1,1,1,1,1,1,-1,1,1,1,1,1,1,-1,1,-1,-1,-1,1,1,1,1,-1,1.0
975,-1,-1,1,-1,-1,1,0,-1,-1,1,1,-1,-1,1,1,1,1,1,1,-1,1,-1,-1,1,1,1,1,1,-1,1,-1,-1,-1,1,1,-1,-1,-1,1.0
976,-1,-1,-1,-1,-1,-1,1,-1,-1,-1,1,1,-1,1,1,-1,1,1,-1,1,-1,1,1,-1,1,-1,1,1,-1,1,1,-1,-1,1,-1,-1,1,-1,1.0
977,1,0,-1,-1,-1,1,1,1,-1,1,1,-1,-1,1,1,1,1,1,-1,-1,1,-1,0,1,-1,1,1,-1,-1,1,1,-1,-1,1,1,-1,1,-1,1.0
978,1,-1,-1,1,-1,1,0,1,1,0,1,-1,-1,1,1,1,1,1,1,-1,-1,-1,1,1,1,1,1,1,-1,1,-1,-1,-1,1,1,-1,1,-1,1.0
980,1,-1,1,-1,-1,1,1,1,-1,0,1,1,0,1,1,1,1,1,-1,-1,-1,-1,-1,1,-1,1,1,1,1,1,1,-1,-1,-1,1,1,1,-1,1.0
981,0,0,1,-1,1,1,0,-1,-1,0,-1,-1,-1,1,-1,-1,-1,-1,-1,-1,-1,-1,0,-1,-1,1,1,1,-1,1,1,-1,-1,1,1,1,1,1,1.0
982,1,1,-1,-1,0,1,1,1,1,1,-1,-1,0,1,1,1,1,1,0,1,0,1,1,0,1,1,1,1,-1,1,1,1,1,1,1,1,1,1,1.0
983,1,-1,-1,-1,-1,1,1,1,-1,1,1,-1,-1,-1,1,1,1,1,1,1,-1,1,1,1,1,-1,1,1,-1,1,-1,1,-1,1,1,1,1,-1,1.0
984,1,-1,1,-1,1,1,-1,-1,-1,0,1,-1,-1,1,1,1,1,1,1,1,1,1,1,1,-1,1,1,-1,-1,1,-1,-1,-1,1,1,1,1,-1,1.0
985,1,-1,1,1,1,1,1,1,1,1,1,-1,-1,1,-1,-1,-1,-1,-1,1,1,-1,-1,1,-1,1,1,1,1,-1,1,-1,1,1,1,1,1,-1,1.0
986,1,-1,-1,-1,-1,1,0,-1,-1,0,1,0,-1,1,-1,-1,-1,-1,-1,-1,-1,-1,0,-1,-1,-1,1,-1,-1,-1,-1,-1,-1,-1,1,1,-1,-1,1.0
987,-1,-1,-1,0,-1,1,0,1,-1,1,1,-1,-1,1,1,1,1,1,-1,-1,1,-1,-1,1,-1,1,1,1,-1,-1,-1,-1,-1,-1,1,1,1,-1,1.0
988,-1,-1,1,-1,-1,1,-1,-1,-1,0,1,-1,-1,1,1,1,1,1,1,-1,1,0,1,1,1,1,1,1,-1,1,-1,-1,1,1,1,1,1,-1,1.0
991,-1,-1,-1,-1,-1,1,0,-1,-1,-1,1,-1,-1,-1,-1,-1,-1,-1,-1,-1,-1,-1,0,-1,-1,-1,1,1,-1,-1,-1,-1,1,-1,-1,-1,-1,-1,1.0
993,1,1,-1,1,-1,1,0,1,1,0,1,-1,-1,1,1,1,1,1,1,1,-1,1,1,-1,1,-1,1,-1,-1,-1,-1,-1,-1,1,-1,1,1,-1,1.0
994,1,1,-1,0,1,1,0,-1,-1,1,1,-1,-1,1,1,1,1,1,1,1,1,-1,1,1,-1,1,1,1,1,-1,1,-1,1,1,1,1,1,1,1.0
995,0,0,-1,-1,-1,1,1,1,-1,1,1,1,-1,1,-1,1,1,-1,-1,-1,-1,-1,-1,1,-1,-1,1,1,-1,1,1,-1,-1,-1,1,-1,-1,-1,1.0
997,-1,1,-1,0,-1,-1,-1,1,1,0,1,-1,1,-1,1,0,0,1,-1,0,-1,0,0,0,0,-1,0,0,-1,-1,-1,-1,1,1,-1,1,1,-1,1.0
1004,-1,1,-1,-1,1,0,0,1,1,0,1,0,-1,1,1,-1,1,1,-1,0,1,1,-1,1,1,-1,1,-1,-1,-1,-1,-1,1,1,-1,1,1,-1,1.0
1006,-1,1,-1,0,-1,1,0,1,1,0,1,-1,-1,-1,1,1,1,1,-1,1,1,0,0,0,0,-1,1,-1,-1,1,1,-1,1,1,1,1,1,-1,1.0
1008,1,0,-1,-1,-1,1,0,1,0,0,1,-1,-1,-1,1,1,1,1,-1,0,-1,1,0,1,1,1,1,-1,-1,1,1,-1,1,1,1,1,1,-1,1.0
1010,1,-1,-1,-1,-1,1,0,-1,-1,-1,1,-1,-1,0,-1,-1,-1,-1,-1,-1,-1,-1,0,-1,-1,-1,1,0,-1,-1,1,-1,1,1,1,-1,-1,0,1.0
1011,0,1,-1,0,-1,-1,-1,1,1,0,0,-1,0,1,0,0,0,0,0,0,0,1,0,0,1,0,0,0,0,0,0,0,0,0,0,1,1,1,1.0
1012,0,0,1,0,-1,1,0,0,0,0,1,-1,-1,1,1,1,1,1,1,1,1,1,1,1,1,1,1,-1,-1,1,-1,-1,1,1,1,1,1,-1,1.0
1013,-1,1,-1,-1,1,1,0,-1,-1,0,1,-1,-1,1,1,1,1,1,1,1,1,1,0,-1,-1,1,1,1,-1,-1,1,1,-1,1,1,1,1,1,1.0
1015,1,1,-1,0,-1,-1,-1,1,-1,0,1,-1,-1,-1,0,0,0,0,0,0,0,0,0,0,0,-1,0,0,-1,0,0,0,0,1,0,0,1,0,1.0
1024,0,0,0,-1,-1,1,-1,1,-1,1,1,1,0,1,1,1,1,1,1,1,-1,-1,1,1,-1,-1,1,-1,1,0,1,0,1,1,1,-1,1,1,1.0
1028,1,1,-1,-1,1,1,1,-1,-1,0,1,-1,-1,1,1,1,1,1,0,0,0,0,0,0,0,1,1,-1,-1,1,1,-1,-1,1,1,1,1,1,1.0
1031,0,0,1,-1,0,1,0,-1,0,0,1,0,0,1,0,0,0,0,0,0,0,0,0,1,-1,1,1,0,1,1,0,-1,1,1,1,1,1,0,1.0
1037,1,1,-1,-1,-1,1,0,1,1,0,1,-1,-1,1,1,1,1,1,0,1,1,1,1,1,1,-1,1,-1,-1,1,1,-1,-1,1,-1,-1,-1,1,1.0
1038,1,-1,-1,-1,-1,1,1,1,-1,1,1,-1,-1,1,1,1,1,1,1,1,1,1,1,1,1,1,1,1,-1,-1,1,-1,-1,1,1,1,1,1,1.0
1041,-1,-1,1,-1,1,1,1,1,1,0,1,-1,-1,1,1,1,1,1,1,1,1,1,1,1,1,1,1,-1,-1,1,1,-1,1,1,1,1,1,-1,1.0
1043,1,1,1,1,1,1,1,1,1,1,1,-1,-1,1,1,1,1,1,1,1,1,1,0,1,1,0,1,1,-1,1,1,1,1,1,1,1,1,1,1.0
1044,-1,-1,-1,-1,-1,-1,-1,1,0,-1,1,-1,-1,1,-1,-1,-1,0,-1,-1,-1,0,0,-1,1,-1,-1,-1,-1,-1,-1,-1,1,1,-1,-1,-1,-1,1.0
1051,-1,1,0,0,0,-1,-1,1,1,0,1,-1,1,1,0,-1,1,1,-1,-1,1,1,0,1,1,-1,1,0,-1,0,0,-1,-1,1,1,1,1,0,1.0
1060,-1,-1,1,-1,-1,1,-1,-1,-1,-1,1,1,0,0,-1,-1,-1,-1,-1,-1,-1,-1,0,0,0,-1,1,-1,-1,-1,-1,-1,-1,-1,1,-1,-1,-1,1.0
1069,-1,-1,0,1,-1,1,0,1,0,1,1,-1,-1,1,1,-1,1,1,-1,1,-1,1,1,1,1,-1,1,-1,-1,-1,1,0,1,1,1,1,0,1,1.0
1071,-1,-1,-1,-1,-1,-1,-1,1,-1,1,1,-1,-1,-1,1,1,1,1,-1,1,-1,1,-1,-1,1,-1,1,1,-1,-1,-1,-1,1,1,-1,-1,-1,-1,1.0
1076,1,1,1,0,1,1,0,1,1,1,1,-1,-1,1,1,1,1,1,1,1,1,1,1,1,1,1,-1,1,1,-1,1,-1,1,1,1,-1,1,1,1.0
1083,-1,-1,-1,-1,-1,1,-1,1,1,1,1,1,-1,-1,1,-1,1,1,-1,-1,1,1,-1,1,1,1,1,-1,-1,-1,1,-1,-1,-1,1,-1,-1,1,1.0
1087,1,1,1,-1,1,1,-1,-1,-1,-1,1,-1,-1,1,1,1,1,1,1,1,1,1,1,1,-1,1,1,1,-1,-1,1,-1,1,1,1,1,-1,-1,1.0
1106,0,0,-1,0,-1,1,0,1,0,0,1,-1,-1,-1,-1,-1,-1,-1,-1,0,0,0,0,0,0,-1,1,0,-1,0,1,-1,0,0,-1,1,1,-1,1.0
1108,0,0,1,0,1,1,0,1,1,0,1,-1,-1,1,1,1,1,0,0,1,1,1,1,1,1,1,1,1,-1,1,1,-1,1,1,1,0,1,1,1.0
1109,0,0,1,1,-1,1,1,-1,-1,1,1,1,-1,1,-1,-1,-1,-1,-1,0,0,0,0,0,0,-1,1,1,1,-1,1,-1,-1,1,1,1,1,-1,1.0
1110,-1,1,-1,0,-1,-1,-1,0,0,-1,1,-1,-1,-1,0,0,0,0,0,0,0,0,0,0,0,-1,0,0,-1,0,1,0,0,0,0,0,1,0,1.0
1125,0,0,-1,0,-1,1,0,1,0,0,1,-1,-1,1,1,0,1,0,0,0,0,0,0,1,0,-1,1,-1,-1,-1,1,-1,-1,-1,1,1,1,1,1.0
1127,-1,-1,1,-1,-1,1,1,1,1,1,1,-1,-1,1,1,1,1,1,1,1,1,1,1,1,1,1,1,1,-1,-1,-1,-1,-1,1,1,-1,1,-1,1.0
1129,1,1,-1,-1,-1,-1,-1,1,1,1,1,-1,-1,1,1,1,1,1,-1,0,-1,1,0,-1,1,-1,1,-1,-1,-1,-1,-1,1,1,-1,1,1,-1,1.0
1133,0,0,1,0,0,1,0,1,1,1,1,-1,-1,1,-1,-1,-1,-1,-1,-1,-1,-1,0,-1,-1,-1,1,-1,-1,1,1,-1,1,-1,1,1,-1,-1,1.0
1134,-1,-1,1,-1,-1,1,-1,1,-1,1,1,0,-1,1,-1,-1,-1,-1,-1,-1,-1,-1,0,-1,-1,-1,1,-1,1,-1,1,1,-1,-1,1,-1,1,1,1.0
1136,-1,-1,1,-1,-1,1,-1,-1,-1,-1,-1,-1,-1,-1,1,0,0,0,0,1,-1,1,1,-1,1,1,1,-1,-1,0,0,-1,-1,1,1,1,1,0,1.0
1140,1,-1,1,1,-1,1,-1,1,-1,-1,1,-1,-1,1,1,-1,-1,1,-1,1,-1,1,1,-1,1,-1,1,-1,-1,-1,-1,-1,-1,-1,1,1,1,-1,1.0
1149,0,0,1,-1,0,1,0,1,0,0,1,-1,0,1,1,1,1,1,1,1,1,-1,1,1,1,1,-1,0,-1,0,0,-1,1,1,1,0,1,0,1.0
1153,0,0,1,0,0,1,0,1,-1,0,1,-1,-1,-1,-1,-1,-1,-1,-1,-1,-1,-1,0,-1,-1,1,1,-1,-1,-1,0,-1,-1,1,1,-1,-1,-1,1.0
1154,-1,-1,-1,-1,-1,-1,-1,-1,-1,-1,1,1,-1,-1,-1,-1,-1,-1,-1,-1,-1,1,-1,-1,1,-1,-1,-1,-1,-1,-1,-1,1,1,-1,1,-1,-1,1.0
1156,0,0,1,0,1,1,0,1,-1,0,1,-1,-1,-1,-1,-1,-1,-1,-1,-1,-1,-1,0,-1,-1,1,1,1,1,1,0,0,1,1,1,-1,-1,-1,1.0
1162,-1,-1,-1,1,-1,1,-1,1,1,1,1,-1,-1,1,1,0,1,1,1,1,1,1,1,1,1,1,1,-1,-1,1,0,0,1,1,1,1,1,-1,1.0
1172,-1,-1,1,-1,-1,1,1,1,0,0,1,1,0,1,1,1,1,1,1,1,1,-1,1,1,1,-1,1,1,1,-1,0,-1,-1,1,1,1,1,1,1.0
1175,1,1,0,0,0,1,0,1,1,1,1,0,-1,1,-1,-1,-1,-1,-1,0,1,-1,0,1,-1,0,0,0,0,0,0,0,0,0,0,0,1,0,1.0
1178,-1,-1,-1,-1,-1,-1,-1,-1,-1,-1,1,1,-1,1,1,1,1,1,1,0,0,0,0,0,0,-1,1,1,-1,-1,1,-1,1,1,1,1,1,-1,1.0
1180,1,1,1,-1,-1,1,0,1,1,0,1,1,1,1,1,1,1,1,1,1,1,1,1,1,1,-1,1,-1,-1,-1,1,-1,1,1,1,1,1,1,1.0
1183,0,0,0,0,-1,1,0,1,1,1,1,-1,0,1,0,0,1,1,-1,0,0,0,0,0,0,-1,1,-1,-1,1,0,-1,-1,0,1,1,-1,1,1.0
1189,0,0,-1,0,0,-1,-1,1,1,0,1,-1,-1,1,1,0,1,1,-1,1,-1,1,1,-1,1,-1,1,0,-1,0,-1,-1,1,1,1,1,1,1,1.0
1190,1,1,-1,1,-1,-1,-1,1,1,1,0,0,-1,1,0,0,0,0,0,0,0,1,0,0,0,-1,0,0,0,0,0,0,1,0,0,0,1,0,1.0
1191,1,-1,-1,-1,0,1,1,1,1,0,1,-1,0,-1,1,0,1,1,1,-1,1,1,0,1,1,-1,0,-1,-1,0,1,0,0,1,0,1,1,1,1.0
1192,1,1,1,-1,1,1,0,1,1,0,1,1,-1,1,1,1,1,1,1,1,1,1,1,1,1,-1,1,-1,-1,-1,1,-1,1,1,1,1,1,1,1.0
1196,-1,-1,0,0,0,1,0,1,0,-1,1,-1,-1,1,1,1,0,1,0,1,-1,1,0,0,0,0,0,1,-1,0,0,-1,0,0,0,-1,1,0,1.0
1197,0,0,1,0,-1,-1,-1,-1,-1,0,-1,-1,-1,-1,-1,-1,-1,-1,-1,-1,-1,-1,0,-1,-1,-1,0,0,-1,-1,-1,-1,-1,-1,-1,-1,-1,-1,1.0
1199,1,1,-1,0,-1,-1,-1,-1,0,-1,1,-1,0,-1,0,0,0,0,0,-1,-1,-1,0,-1,-1,-1,0,1,-1,0,-1,0,0,0,0,0,1,1,1.0
1210,1,1,-1,0,-1,-1,-1,-1,0,-1,1,0,0,1,1,0,0,0,0,0,0,1,0,0,1,0,1,0,-1,1,-1,-1,0,-1,0,0,1,0,1.0
1218,0,0,1,-1,0,1,1,1,-1,-1,1,-1,-1,1,1,0,1,1,1,1,1,-1,1,1,-1,1,1,1,-1,-1,-1,-1,-1,1,1,1,1,-1,1.0
1223,-1,-1,-1,0,-1,-1,-1,-1,0,0,1,-1,-1,-1,0,0,0,1,0,0,1,1,0,0,0,-1,0,1,1,-1,0,0,0,1,0,1,0,1,1.0
1227,1,1,-1,0,0,0,0,1,1,0,1,-1,0,1,1,1,1,1,-1,1,0,1,0,0,1,-1,0,-1,-1,1,0,-1,0,0,-1,0,1,0,1.0
1228,-1,-1,-1,0,-1,-1,-1,-1,0,-1,1,-1,-1,-1,-1,-1,-1,-1,-1,-1,-1,-1,0,-1,-1,-1,0,0,-1,1,0,0,0,0,0,0,0,0,1.0
1229,-1,-1,1,-1,-1,1,1,1,-1,0,1,-1,-1,1,1,1,1,1,1,1,1,1,1,1,1,1,1,1,-1,1,-1,-1,-1,1,1,1,1,-1,1.0
1231,-1,-1,1,1,0,1,1,1,0,0,1,0,-1,1,1,0,1,1,0,-1,1,1,0,0,1,1,1,-1,-1,1,0,-1,0,1,1,1,1,1,1.0
1234,-1,1,-1,0,0,-1,-1,-1,0,-1,1,-1,1,1,1,1,0,0,0,1,0,1,0,0,0,-1,0,1,-1,0,1,-1,0,0,0,0,1,1,1.0
1240,1,1,-1,0,-1,-1,-1,-1,0,-1,1,-1,-1,1,0,0,0,0,0,-1,-1,-1,0,0,0,-1,0,0,-1,-1,0,0,0,-1,0,0,1,0,1.0
1241,1,-1,1,-1,1,1,-1,1,0,-1,1,-1,-1,1,1,1,1,1,1,1,1,-1,1,1,-1,1,1,1,-1,1,1,-1,1,1,1,1,1,-1,1.0
1246,1,1,-1,0,-1,-1,-1,-1,0,-1,1,-1,-1,1,0,0,0,0,0,0,-1,1,0,0,0,-1,0,0,-1,0,1,-1,0,0,0,0,1,0,1.0
1247,0,-1,1,-1,-1,1,0,-1,-1,0,1,-1,-1,1,1,1,1,1,1,-1,1,1,1,1,1,1,1,-1,-1,1,1,-1,1,1,1,1,1,1,1.0
1248,-1,-1,-1,-1,-1,-1,-1,1,1,0,1,-1,-1,1,1,1,1,1,-1,1,-1,1,1,-1,1,-1,1,1,-1,-1,-1,-1,1,1,1,1,1,-1,1.0
1249,-1,-1,-1,0,-1,-1,-1,-1,-1,0,0,-1,0,0,0,0,0,0,0,0,0,0,0,0,0,-1,0,0,0,0,0,-1,0,-1,0,1,0,-1,1.0
1250,1,-1,0,0,1,1,1,-1,-1,1,1,-1,0,1,0,0,0,0,0,0,0,0,0,0,0,0,1,0,-1,1,1,-1,1,1,1,0,1,1,1.0
1251,0,0,-1,0,-1,-1,-1,-1,0,-1,1,-1,-1,0,0,1,0,1,0,1,-1,1,0,0,0,-1,0,0,-1,1,1,-1,0,0,0,1,1,0,1.0
1258,1,1,-1,0,1,1,-1,1,-1,0,1,-1,-1,1,1,1,1,1,-1,0,-1,1,-1,-1,1,-1,1,0,-1,-1,1,1,1,1,-1,1,1,1,1.0
1268,1,1,1,0,1,1,0,1,0,0,1,-1,0,1,1,0,1,1,1,0,1,1,0,1,1,0,0,0,-1,0,0,1,0,0,0,0,1,1,1.0
1279,1,1,-1,-1,0,1,-1,1,1,1,1,-1,-1,1,-1,-1,-1,-1,-1,0,0,0,0,-1,-1,-1,1,1,0,-1,-1,-1,-1,1,1,-1,1,1,1.0
1281,1,1,0,0,0,0,0,-1,0,1,1,0,0,-1,0,0,0,0,0,0,0,0,0,0,0,0,1,0,-1,-1,1,1,1,-1,0,0,1,1,1.0
1283,-1,1,-1,-1,0,-1,-1,1,1,1,1,0,-1,1,1,0,0,1,-1,1,-1,1,0,-1,1,-1,1,1,-1,-1,-1,-1,-1,1,1,0,0,1,1.0
1284,0,0,-1,0,-1,-1,-1,1,0,1,1,-1,0,1,1,1,1,1,-1,-1,1,1,-1,0,1,-1,0,-1,-1,-1,-1,-1,-1,1,-1,1,1,0,1.0
1288,0,0,-1,0,1,0,0,1,0,0,1,0,0,1,0,0,0,0,0,0,0,0,0,0,0,-1,1,1,-1,-1,0,-1,0,1,1,1,1,-1,1.0
1289,-1,1,-1,-1,1,1,1,1,0,1,1,-1,-1,1,-1,-1,-1,-1,-1,0,0,0,0,0,0,-1,1,1,-1,-1,-1,-1,-1,1,1,-1,-1,1,1.0
1293,1,0,-1,-1,-1,1,1,1,1,1,1,-1,-1,1,1,1,1,1,1,1,1,1,1,0,1,-1,1,1,-1,1,-1,-1,-1,1,1,1,1,-1,1.0
1295,1,1,1,-1,1,1,-1,1,-1,1,1,-1,-1,1,1,1,1,1,1,1,1,1,1,1,1,1,1,1,-1,1,-1,-1,1,1,1,0,1,-1,1.0
1299,1,1,0,-1,0,0,0,-1,0,0,1,0,-1,1,0,0,0,0,0,0,0,0,0,0,0,0,1,1,-1,0,0,-1,0,-1,0,1,-1,0,1.0
1300,1,1,-1,-1,1,1,1,1,1,1,1,-1,-1,1,1,1,1,1,1,-1,-1,-1,-1,1,1,1,1,1,-1,-1,-1,-1,1,1,1,1,1,-1,1.0
1301,1,1,0,0,0,-1,1,1,1,1,0,-1,1,0,0,0,0,0,0,0,0,0,0,-1,1,-1,0,0,-1,-1,0,0,-1,1,1,0,1,0,1.0
1303,-1,-1,-1,0,-1,-1,-1,-1,-1,0,0,0,0,0,0,0,0,0,0,0,0,0,0,0,0,-1,0,0,-1,-1,-1,-1,-1,-1,-1,0,1,-1,1.0
1304,-1,-1,1,-1,-1,-1,-1,-1,-1,-1,1,-1,-1,1,-1,-1,-1,-1,-1,-1,-1,-1,-1,-1,1,-1,1,-1,-1,-1,-1,-1,-1,1,1,-1,-1,-1,1.0
1307,-1,-1,1,-1,1,1,-1,-1,-1,-1,1,-1,-1,1,1,1,1,1,1,-1,1,1,-1,1,1,1,1,1,-1,1,-1,-1,-1,1,1,-1,1,-1,1.0
1308,1,0,1,0,0,0,0,1,-1,1,0,0,0,1,1,-1,-1,-1,-1,1,-1,1,-1,0,1,-1,0,-1,0,0,0,1,-1,0,0,0,0,1,1.0
1309,1,0,1,0,0,1,0,-1,-1,0,1,-1,-1,1,1,1,1,1,1,1,1,-1,1,1,-1,1,1,1,-1,-1,-1,-1,1,1,1,0,1,-1,1.0
1311,1,-1,1,-1,1,1,0,-1,-1,0,1,-1,-1,1,-1,1,1,1,1,-1,1,-1,-1,1,1,1,1,1,-1,1,1,-1,1,1,1,1,1,1,1.0
1312,0,0,-1,-1,-1,1,1,-1,-1,0,1,0,-1,1,-1,-1,-1,-1,-1,0,0,0,0,1,1,0,1,0,-1,-1,-1,-1,-1,1,1,1,1,-1,1.0
1319,0,0,-1,-1,-1,1,0,1,1,0,1,0,-1,-1,-1,-1,-1,-1,-1,-1,-1,-1,0,-1,-1,1,1,-1,-1,-1,-1,-1,-1,1,-1,1,1,-1,1.0
1321,-1,0,1,-1,-1,1,0,1,-1,0,1,-1,-1,1,1,1,1,1,1,-1,1,-1,-1,1,1,-1,1,1,-1,1,1,-1,1,1,1,1,1,1,1.0
1322,0,0,-1,0,-1,-1,-1,1,1,-1,1,1,-1,1,1,1,1,1,-1,0,0,0,1,0,0,-1,1,-1,-1,-1,-1,-1,-1,-1,-1,-1,-1,-1,1.0
1323,-1,1,0,0,0,-1,-1,-1,0,0,1,0,-1,1,0,0,0,1,0,0,0,0,0,0,0,-1,1,0,-1,-1,1,-1,1,0,0,1,1,1,1.0
1333,-1,-1,1,-1,-1,1,0,1,1,1,1,-1,-1,1,1,1,1,1,1,1,1,1,1,1,1,1,1,1,-1,1,-1,-1,1,1,1,-1,-1,-1,1.0
1334,0,0,1,-1,-1,1,0,-1,-1,1,1,-1,-1,1,1,1,1,1,1,-1,1,-1,-1,1,1,1,1,1,-1,1,-1,-1,-1,1,1,-1,-1,-1,1.0
1335,-1,-1,1,-1,-1,1,0,-1,-1,0,1,-1,-1,1,1,1,1,1,1,-1,-1,-1,0,-1,-1,1,1,-1,1,-1,-1,-1,-1,1,1,1,1,1,1.0
1337,-1,1,-1,0,-1,-1,-1,1,1,0,1,-1,0,-1,-1,-1,1,1,-1,-1,-1,1,-1,-1,1,-1,1,-1,-1,-1,0,-1,1,0,-1,1,1,0,1.0
1340,-1,-1,1,-1,1,1,-1,-1,-1,1,1,1,-1,1,-1,-1,-1,-1,-1,-1,-1,-1,0,-1,-1,-1,1,1,1,1,1,-1,1,1,1,-1,-1,1,1.0
1341,0,0,1,-1,-1,1,0,-1,-1,0,1,-1,-1,1,1,1,1,1,1,-1,1,1,-1,1,1,1,1,1,-1,1,1,-1,-1,1,1,1,1,-1,1.0
1344,-1,-1,-1,-1,-1,1,1,1,1,1,1,1,-1,-1,1,1,1,1,1,1,1,1,1,1,1,1,1,1,-1,1,-1,-1,-1,-1,1,-1,-1,-1,1.0
1348,1,1,1,-1,-1,1,0,-1,-1,1,1,-1,-1,1,1,1,1,-1,1,1,1,1,1,1,1,1,1,1,-1,-1,-1,-1,-1,1,1,-1,-1,-1,1.0
1349,1,1,-1,-1,-1,1,0,1,-1,1,1,1,-1,1,0,0,0,1,-1,1,0,1,1,-1,1,1,1,0,-1,-1,-1,-1,-1,1,0,-1,1,-1,1.0
1352,-1,-1,-1,-1,-1,1,-1,1,-1,1,-1,1,-1,1,1,-1,1,1,-1,-1,-1,1,-1,-1,1,-1,1,-1,-1,-1,1,-1,-1,1,-1,1,1,-1,1.0
1357,0,0,1,-1,-1,1,0,-1,-1,0,1,-1,-1,1,1,1,1,1,1,0,0,0,0,0,0,1,1,-1,-1,1,1,-1,1,-1,1,-1,-1,-1,1.0
1369,-1,-1,-1,-1,-1,1,1,1,1,-1,0,-1,-1,-1,-1,-1,-1,-1,-1,-1,-1,-1,0,-1,-1,-1,-1,-1,-1,-1,-1,-1,-1,1,-1,0,1,0,1.0
1370,0,1,0,0,0,1,0,-1,-1,1,1,0,-1,1,0,0,0,0,0,1,0,1,0,0,1,1,0,0,-1,0,1,1,1,1,0,1,1,1,1.0
1371,-1,1,1,1,1,1,0,1,1,1,1,-1,-1,1,1,1,1,1,1,1,1,1,1,1,1,1,1,1,-1,1,1,1,1,1,1,-1,-1,1,1.0
1374,1,1,1,1,1,1,0,1,1,-1,1,-1,-1,1,1,1,1,1,1,1,1,1,1,1,1,1,1,1,-1,1,-1,-1,1,1,1,-1,1,1,1.0
1376,-1,-1,1,-1,0,1,-1,1,-1,1,1,-1,-1,1,0,0,0,0,0,0,0,0,0,0,0,1,1,-1,-1,0,1,-1,1,1,1,-1,1,1,1.0
1386,-1,-1,1,-1,-1,1,0,1,-1,-1,1,1,-1,-1,1,1,1,1,0,0,1,1,0,1,1,-1,1,1,-1,1,1,-1,-1,1,1,1,1,-1,1.0
1390,-1,1,0,0,0,-1,-1,-1,0,1,1,0,0,-1,0,0,0,0,0,0,0,1,0,0,1,0,1,0,-1,1,1,-1,1,1,0,1,1,1,0.5
1390,-1,1,0,0,0,-1,-1,-1,0,1,1,0,0,1,0,0,0,0,0,0,0,1,0,0,1,0,1,0,-1,1,1,-1,1,1,0,1,1,1,0.5
1392,-1,-1,-1,-1,-1,1,-1,-1,-1,-1,0,-1,-1,1,-1,-1,-1,-1,-1,-1,-1,-1,0,-1,-1,0,1,0,-1,0,-1,-1,-1,-1,0,-1,-1,-1,1.0
1396,1,-1,-1,-1,-1,1,0,1,1,1,1,-1,-1,1,-1,-1,-1,-1,-1,1,1,-1,0,-1,-1,1,1,-1,-1,1,1,-1,-1,-1,1,1,1,-1,1.0
1397,1,1,-1,0,-1,-1,0,1,1,1,1,-1,0,-1,0,0,0,0,0,1,-1,1,1,-1,1,-1,0,-1,-1,-1,-1,0,-1,1,0,0,1,-1,1.0
1400,1,1,1,-1,-1,1,1,1,1,1,-1,0,-1,0,-1,-1,-1,-1,-1,-1,-1,-1,0,-1,-1,-1,1,-1,1,-1,1,-1,1,-1,1,-1,-1,1,1.0
1404,-1,-1,-1,0,-1,0,0,1,1,1,0,0,-1,1,1,0,1,1,0,1,0,0,0,0,0,0,0,0,0,0,0,0,0,1,0,1,0,0,1.0
1409,1,-1,0,0,0,-1,-1,1,1,1,1,-1,1,-1,0,0,0,1,0,0,0,0,0,0,0,-1,0,0,-1,-1,0,1,1,1,1,1,1,0,1.0
1412,-1,-1,1,-1,-1,1,1,-1,-1,1,-1,-1,-1,1,0,0,0,0,0,-1,-1,-1,-1,-1,1,-1,1,-1,-1,-1,-1,-1,-1,1,1,1,1,-1,1.0
1415,1,1,1,-1,-1,1,0,1,-1,0,1,-1,-1,1,-1,-1,-1,-1,-1,-1,-1,-1,0,-1,-1,-1,-1,-1,-1,-1,-1,-1,-1,1,0,0,1,-1,1.0
1419,0,1,-1,-1,-1,1,0,1,1,0,1,-1,-1,1,1,1,1,1,0,1,1,1,1,1,1,-1,1,-1,-1,-1,1,-1,-1,1,1,-1,-1,1,1.0
1420,1,1,0,1,1,-1,-1,1,1,0,1,0,0,1,0,0,0,0,0,0,0,1,0,0,0,-1,0,0,0,1,1,-1,1,0,0,1,1,1,1.0
1426,1,1,1,1,1,1,1,1,1,1,1,-1,-1,1,1,1,1,1,1,1,1,1,1,1,1,1,1,1,1,1,-1,-1,1,1,1,1,1,1,1.0
1433,-1,-1,0,-1,-1,-1,-1,-1,-1,-1,1,-1,-1,-1,-1,-1,-1,-1,-1,0,0,0,0,0,0,1,1,1,-1,1,1,-1,0,0,1,0,0,-1,1.0
1434,1,1,0,0,0,-1,-1,0,0,0,1,0,-1,1,1,1,0,0,0,0,1,1,0,1,0,1,1,0,-1,1,1,1,-1,-1,0,0,1,1,1.0
1436,1,-1,0,1,-1,1,-1,-1,-1,1,1,-1,-1,0,-1,-1,-1,-1,-1,-1,-1,-1,0,-1,-1,-1,1,0,1,-1,1,-1,1,-1,1,1,1,-1,1.0
1441,1,1,-1,0,-1,-1,1,1,1,1,1,-1,1,-1,1,1,-1,1,-1,1,-1,1,1,1,-1,-1,1,-1,-1,1,1,1,1,1,1,1,1,1,1.0
1450,1,1,0,0,0,0,0,-1,0,0,0,0,0,1,-1,-1,-1,-1,-1,0,0,0,0,0,0,0,0,0,-1,-1,0,1,1,0,0,1,1,1,1.0
1454,-1,-1,-1,0,1,-1,-1,-1,-1,-1,1,-1,-1,1,0,0,0,0,0,-1,-1,-1,0,-1,-1,-1,-1,1,1,-1,-1,-1,1,1,-1,0,1,-1,1.0
1458,0,0,0,0,0,-1,-1,-1,-1,0,1,0,0,-1,-1,-1,-1,-1,-1,0,0,0,0,0,0,0,1,1,-1,-1,1,-1,-1,-1,0,-1,1,1,0.5
1458,0,0,0,0,0,-1,-1,-1,-1,0,1,0,0,1,-1,-1,-1,-1,-1,0,0,0,0,0,0,0,1,1,-1,-1,1,-1,-1,-1,0,-1,1,1,0.5
1466,1,-1,1,-1,1,1,1,-1,1,1,1,-1,-1,1,1,1,1,1,1,1,1,1,1,1,1,1,1,1,-1,0,1,-1,1,1,1,1,1,1,0.015625
1466,1,-1,1,-1,1,1,-1,1,1,1,1,-1,-1,1,1,1,1,1,1,1,1,1,1,1,1,1,1,1,-1,0,1,-1,1,1,1,1,1,1,0.015625
1466,1,-1,1,-1,1,1,-1,-1,1,1,1,-1,-1,1,1,1,1,1,1,1,1,1,1,1,1,1,1,1,-1,0,1,-1,1,1,1,1,1,1,0.015625
1466,1,-1,1,-1,-1,1,1,1,1,1,1,-1,-1,1,1,1,1,1,1,1,1,1,1,1,1,1,1,1,-1,0,1,-1,1,1,1,1,1,1,0.015625
1466,1,-1,1,-1,-1,1,1,-1,1,1,1,-1,-1,1,1,1,1,1,1,1,1,1,1,1,1,1,1,1,-1,0,1,-1,1,1,1,1,1,1,0.015625
1466,1,-1,1,-1,-1,1,-1,1,1,1,1,-1,-1,1,1,1,1,1,1,1,1,1,1,1,1,1,1,1,-1,0,1,-1,1,1,1,1,1,1,0.015625
1466,1,-1,-1,-1,-1,1,1,1,1,1,1,-1,-1,1,1,1,1,1,1,1,1,1,1,1,1,1,1,1,-1,0,1,-1,1,1,1,1,1,1,0.015625
1466,1,-1,-1,-1,1,1,1,1,1,1,1,-1,-1,1,1,1,1,1,1,1,1,1,1,1,1,1,1,1,-1,0,1,-1,1,1,1,1,1,1,0.015625
1466,1,-1,-1,-1,1,1,1,-1,1,1,1,-1,-1,1,1,1,1,1,1,1,1,1,1,1,1,1,1,1,-1,0,1,-1,1,1,1,1,1,1,0.015625
1466,1,-1,-1,-1,1,1,-1,1,1,1,1,-1,-1,1,1,1,1,1,1,1,1,1,1,1,1,1,1,1,-1,0,1,-1,1,1,1,1,1,1,0.015625
1466,1,-1,-1,-1,1,1,-1,-1,1,1,1,-1,-1,1,1,1,1,1,1,1,1,1,1,1,1,1,1,1,-1,0,1,-1,1,1,1,1,1,1,0.015625
1466,1,-1,1,-1,1,1,1,1,1,1,1,-1,-1,1,1,1,1,1,1,1,1,1,1,1,1,1,1,1,-1,0,1,-1,1,1,1,1,1,1,0.015625
1466,1,-1,-1,-1,-1,1,1,-1,1,1,1,-1,-1,1,1,1,1,1,1,1,1,1,1,1,1,1,1,1,-1,0,1,-1,1,1,1,1,1,1,0.015625
1466,1,-1,1,-1,-1,1,-1,-1,1,1,1,-1,-1,1,1,1,1,1,1,1,1,1,1,1,1,1,1,1,-1,0,1,-1,1,1,1,1,1,1,0.015625
1466,1,1,-1,-1,-1,1,-1,-1,1,1,1,-1,-1,1,1,1,1,1,1,1,1,1,1,1,1,1,1,1,-1,0,1,-1,1,1,1,1,1,1,0.015625
1466,1,1,-1,-1,1,1,1,-1,1,1,1,-1,-1,1,1,1,1,1,1,1,1,1,1,1,1,1,1,1,-1,0,1,-1,1,1,1,1,1,1,0.015625
1466,1,1,-1,-1,-1,1,1,-1,1,1,1,-1,-1,1,1,1,1,1,1,1,1,1,1,1,1,1,1,1,-1,0,1,-1,1,1,1,1,1,1,0.015625
1466,1,1,-1,-1,-1,1,1,1,1,1,1,-1,-1,1,1,1,1,1,1,1,1,1,1,1,1,1,1,1,-1,0,1,-1,1,1,1,1,1,1,0.015625
1466,1,1,-1,-1,1,1,-1,-1,1,1,1,-1,-1,1,1,1,1,1,1,1,1,1,1,1,1,1,1,1,-1,0,1,-1,1,1,1,1,1,1,0.015625
1466,1,1,-1,-1,1,1,-1,1,1,1,1,-1,-1,1,1,1,1,1,1,1,1,1,1,1,1,1,1,1,-1,0,1,-1,1,1,1,1,1,1,0.015625
1466,1,-1,-1,-1,-1,1,-1,1,1,1,1,-1,-1,1,1,1,1,1,1,1,1,1,1,1,1,1,1,1,-1,0,1,-1,1,1,1,1,1,1,0.015625
1466,1,1,-1,-1,1,1,1,1,1,1,1,-1,-1,1,1,1,1,1,1,1,1,1,1,1,1,1,1,1,-1,0,1,-1,1,1,1,1,1,1,0.015625
1466,1,1,1,-1,-1,1,-1,-1,1,1,1,-1,-1,1,1,1,1,1,1,1,1,1,1,1,1,1,1,1,-1,0,1,-1,1,1,1,1,1,1,0.015625
1466,1,1,1,-1,-1,1,-1,1,1,1,1,-1,-1,1,1,1,1,1,1,1,1,1,1,1,1,1,1,1,-1,0,1,-1,1,1,1,1,1,1,0.015625
1466,1,1,1,-1,-1,1,1,-1,1,1,1,-1,-1,1,1,1,1,1,1,1,1,1,1,1,1,1,1,1,-1,0,1,-1,1,1,1,1,1,1,0.015625
1466,1,1,1,-1,-1,1,1,1,1,1,1,-1,-1,1,1,1,1,1,1,1,1,1,1,1,1,1,1,1,-1,0,1,-1,1,1,1,1,1,1,0.015625
1466,1,1,1,-1,1,1,-1,-1,1,1,1,-1,-1,1,1,1,1,1,1,1,1,1,1,1,1,1,1,1,-1,0,1,-1,1,1,1,1,1,1,0.015625
1466,1,1,1,-1,1,1,-1,1,1,1,1,-1,-1,1,1,1,1,1,1,1,1,1,1,1,1,1,1,1,-1,0,1,-1,1,1,1,1,1,1,0.015625
1466,1,1,1,-1,1,1,1,-1,1,1,1,-1,-1,1,1,1,1,1,1,1,1,1,1,1,1,1,1,1,-1,0,1,-1,1,1,1,1,1,1,0.015625
1466,1,1,1,-1,1,1,1,1,1,1,1,-1,-1,1,1,1,1,1,1,1,1,1,1,1,1,1,1,1,-1,0,1,-1,1,1,1,1,1,1,0.015625
1466,1,1,-1,-1,-1,1,-1,1,1,1,1,-1,-1,1,1,1,1,1,1,1,1,1,1,1,1,1,1,1,-1,0,1,-1,1,1,1,1,1,1,0.015625
1466,1,-1,-1,-1,-1,1,-1,-1,1,1,1,-1,-1,1,1,1,1,1,1,1,1,1,1,1,1,1,1,1,-1,0,1,-1,1,1,1,1,1,1,0.015625
1466,-1,1,-1,-1,-1,1,1,-1,1,1,1,-1,-1,1,1,1,1,1,1,1,1,1,1,1,1,1,1,1,-1,0,1,-1,1,1,1,1,1,1,0.015625
1466,-1,1,1,-1,1,1,1,-1,1,1,1,-1,-1,1,1,1,1,1,1,1,1,1,1,1,1,1,1,1,-1,0,1,-1,1,1,1,1,1,1,0.015625
1466,-1,1,1,-1,1,1,1,1,1,1,1,-1,-1,1,1,1,1,1,1,1,1,1,1,1,1,1,1,1,-1,0,1,-1,1,1,1,1,1,1,0.015625
1466,-1,-1,-1,-1,-1,1,-1,1,1,1,1,-1,-1,1,1,1,1,1,1,1,1,1,1,1,1,1,1,1,-1,0,1,-1,1,1,1,1,1,1,0.015625
1466,-1,-1,-1,-1,-1,1,1,-1,1,1,1,-1,-1,1,1,1,1,1,1,1,1,1,1,1,1,1,1,1,-1,0,1,-1,1,1,1,1,1,1,0.015625
1466,-1,-1,-1,-1,-1,1,1,1,1,1,1,-1,-1,1,1,1,1,1,1,1,1,1,1,1,1,1,1,1,-1,0,1,-1,1,1,1,1,1,1,0.015625
1466,-1,-1,-1,-1,1,1,-1,-1,1,1,1,-1,-1,1,1,1,1,1,1,1,1,1,1,1,1,1,1,1,-1,0,1,-1,1,1,1,1,1,1,0.015625
1466,-1,-1,-1,-1,1,1,-1,1,1,1,1,-1,-1,1,1,1,1,1,1,1,1,1,1,1,1,1,1,1,-1,0,1,-1,1,1,1,1,1,1,0.015625
1466,-1,-1,-1,-1,1,1,1,-1,1,1,1,-1,-1,1,1,1,1,1,1,1,1,1,1,1,1,1,1,1,-1,0,1,-1,1,1,1,1,1,1,0.015625
1466,-1,-1,-1,-1,1,1,1,1,1,1,1,-1,-1,1,1,1,1,1,1,1,1,1,1,1,1,1,1,1,-1,0,1,-1,1,1,1,1,1,1,0.015625
1466,-1,-1,1,-1,-1,1,-1,-1,1,1,1,-1,-1,1,1,1,1,1,1,1,1,1,1,1,1,1,1,1,-1,0,1,-1,1,1,1,1,1,1,0.015625
1466,-1,-1,1,-1,-1,1,-1,1,1,1,1,-1,-1,1,1,1,1,1,1,1,1,1,1,1,1,1,1,1,-1,0,1,-1,1,1,1,1,1,1,0.015625
1466,-1,-1,1,-1,-1,1,1,-1,1,1,1,-1,-1,1,1,1,1,1,1,1,1,1,1,1,1,1,1,1,-1,0,1,-1,1,1,1,1,1,1,0.015625
1466,-1,-1,1,-1,-1,1,1,1,1,1,1,-1,-1,1,1,1,1,1,1,1,1,1,1,1,1,1,1,1,-1,0,1,-1,1,1,1,1,1,1,0.015625
1466,-1,-1,1,-1,1,1,-1,-1,1,1,1,-1,-1,1,1,1,1,1,1,1,1,1,1,1,1,1,1,1,-1,0,1,-1,1,1,1,1,1,1,0.015625
1466,-1,-1,1,-1,1,1,-1,1,1,1,1,-1,-1,1,1,1,1,1,1,1,1,1,1,1,1,1,1,1,-1,0,1,-1,1,1,1,1,1,1,0.015625
1466,-1,-1,1,-1,1,1,1,-1,1,1,1,-1,-1,1,1,1,1,1,1,1,1,1,1,1,1,1,1,1,-1,0,1,-1,1,1,1,1,1,1,0.015625
1466,-1,-1,-1,-1,-1,1,-1,-1,1,1,1,-1,-1,1,1,1,1,1,1,1,1,1,1,1,1,1,1,1,-1,0,1,-1,1,1,1,1,1,1,0.015625
1466,-1,1,-1,-1,-1,1,-1,-1,1,1,1,-1,-1,1,1,1,1,1,1,1,1,1,1,1,1,1,1,1,-1,0,1,-1,1,1,1,1,1,1,0.015625
1466,-1,1,1,-1,1,1,-1,1,1,1,1,-1,-1,1,1,1,1,1,1,1,1,1,1,1,1,1,1,1,-1,0,1,-1,1,1,1,1,1,1,0.015625
1466,-1,1,1,-1,1,1,-1,-1,1,1,1,-1,-1,1,1,1,1,1,1,1,1,1,1,1,1,1,1,1,-1,0,1,-1,1,1,1,1,1,1,0.015625
1466,-1,1,1,-1,-1,1,1,1,1,1,1,-1,-1,1,1,1,1,1,1,1,1,1,1,1,1,1,1,1,-1,0,1,-1,1,1,1,1,1,1,0.015625
1466,-1,1,1,-1,-1,1,-1,1,1,1,1,-1,-1,1,1,1,1,1,1,1,1,1,1,1,1,1,1,1,-1,0,1,-1,1,1,1,1,1,1,0.015625
1466,-1,1,1,-1,-1,1,-1,-1,1,1,1,-1,-1,1,1,1,1,1,1,1,1,1,1,1,1,1,1,1,-1,0,1,-1,1,1,1,1,1,1,0.015625
1466,-1,1,-1,-1,1,1,1,1,1,1,1,-1,-1,1,1,1,1,1,1,1,1,1,1,1,1,1,1,1,-1,0,1,-1,1,1,1,1,1,1,0.015625
1466,-1,1,1,-1,-1,1,1,-1,1,1,1,-1,-1,1,1,1,1,1,1,1,1,1,1,1,1,1,1,1,-1,0,1,-1,1,1,1,1,1,1,0.015625
1466,-1,1,-1,-1,1,1,-1,1,1,1,1,-1,-1,1,1,1,1,1,1,1,1,1,1,1,1,1,1,1,-1,0,1,-1,1,1,1,1,1,1,0.015625
1466,-1,1,-1,-1,1,1,-1,-1,1,1,1,-1,-1,1,1,1,1,1,1,1,1,1,1,1,1,1,1,1,-1,0,1,-1,1,1,1,1,1,1,0.015625
1466,-1,1,-1,-1,-1,1,1,1,1,1,1,-1,-1,1,1,1,1,1,1,1,1,1,1,1,1,1,1,1,-1,0,1,-1,1,1,1,1,1,1,0.015625
1466,-1,-1,1,-1,1,1,1,1,1,1,1,-1,-1,1,1,1,1,1,1,1,1,1,1,1,1,1,1,1,-1,0,1,-1,1,1,1,1,1,1,0.015625
1466,-1,1,-1,-1,-1,1,-1,1,1,1,1,-1,-1,1,1,1,1,1,1,1,1,1,1,1,1,1,1,1,-1,0,1,-1,1,1,1,1,1,1,0.015625
1466,-1,1,-1,-1,1,1,1,-1,1,1,1,-1,-1,1,1,1,1,1,1,1,1,1,1,1,1,1,1,1,-1,0,1,-1,1,1,1,1,1,1,0.015625
1468,1,-1,1,-1,0,1,0,-1,-1,0,1,-1,-1,1,0,0,0,0,0,-1,-1,-1,0,-1,-1,-1,-1,0,-1,1,-1,-1,-1,1,1,0,1,-1,1.0
1469,0,0,-1,0,-1,-1,-1,1,1,1,0,-1,0,1,0,0,0,0,0,0,0,0,-1,0,1,-1,0,0,-1,1,0,-1,-1,1,-1,1,1,-1,1.0
1474,1,1,0,0,0,-1,-1,-1,0,0,1,0,0,-1,-1,-1,-1,-1,-1,0,0,0,0,0,0,1,0,0,0,1,1,0,-1,-1,0,1,1,1,1.0
1492,1,1,0,0,0,-1,-1,-1,0,0,1,0,0,-1,-1,-1,-1,-1,-1,0,0,0,0,0,0,0,1,0,-1,-1,1,1,0,0,0,0,1,1,1.0
1495,-1,-1,1,-1,-1,1,0,-1,-1,0,-1,-1,-1,-1,-1,-1,-1,-1,-1,-1,-1,-1,0,-1,-1,-1,-1,-1,-1,-1,-1,-1,-1,-1,1,-1,-1,-1,0.5
1495,-1,-1,1,-1,-1,1,0,-1,-1,0,-1,-1,-1,-1,-1,-1,-1,-1,-1,-1,-1,-1,0,-1,-1,-1,-1,-1,-1,-1,-1,-1,-1,-1,1,1,-1,-1,0.5
1511,1,1,1,1,1,1,-1,1,1,1,1,-1,-1,1,-1,-1,-1,-1,-1,-1,-1,-1,0,-1,-1,1,1,0,-1,-1,-1,-1,1,1,0,0,1,1,1.0
1517,0,-1,1,0,0,-1,-1,-1,-1,-1,1,-1,-1,1,1,1,1,1,0,1,1,-1,1,1,0,-1,1,1,-1,-1,-1,-1,-1,1,1,-1,-1,-1,1.0
1521,-1,-1,1,0,-1,1,1,1,1,1,1,-1,-1,1,-1,-1,-1,-1,-1,-1,0,0,0,1,-1,1,0,0,1,-1,1,-1,0,0,0,0,0,0,1.0
1522,1,1,-1,-1,-1,1,-1,1,1,1,1,-1,-1,1,-1,-1,0,1,0,-1,1,1,0,0,0,1,1,-1,-1,-1,-1,-1,-1,1,1,-1,1,-1,1.0
1529,0,0,1,0,0,1,1,1,1,1,1,-1,-1,0,1,1,1,1,1,0,0,0,0,1,1,1,1,-1,-1,1,-1,-1,-1,1,1,1,1,0,1.0
1535,0,0,1,0,1,1,1,-1,0,0,1,-1,-1,1,1,-1,-1,1,-1,1,1,1,1,1,1,-1,1,-1,-1,1,1,-1,-1,1,1,-1,1,-1,1.0
1542,0,0,1,-1,-1,1,0,1,1,0,1,0,-1,0,1,1,1,1,-1,0,0,0,0,0,0,-1,1,1,-1,-1,-1,-1,-1,-1,1,1,1,-1,1.0
1544,1,1,1,-1,1,1,0,1,-1,1,1,-1,-1,1,1,1,1,1,1,1,1,1,1,1,1,1,1,1,-1,1,1,-1,-1,1,1,-1,1,-1,1.0
1555,1,1,1,-1,1,1,1,-1,-1,1,1,-1,-1,1,1,-1,1,1,1,1,1,1,1,1,1,1,1,1,-1,1,-1,-1,-1,1,1,1,1,1,1.0
1556,1,0,1,-1,-1,-1,-1,1,-1,0,0,0,-1,-1,0,0,0,0,0,0,0,0,0,0,1,0,1,0,-1,-1,0,0,1,1,1,1,1,0,1.0
1570,-1,-1,1,-1,-1,1,1,1,1,1,1,-1,-1,1,1,1,1,1,1,-1,1,-1,-1,1,0,1,1,1,-1,-1,1,-1,-1,1,1,1,1,1,1.0
1574,-1,-1,-1,0,-1,-1,-1,-1,-1,0,1,-1,-1,1,1,-1,-1,1,-1,0,0,0,0,0,0,-1,-1,0,-1,-1,0,-1,0,0,1,1,-1,-1,1.0
1582,0,0,0,1,-1,-1,-1,1,0,0,1,-1,0,1,1,1,1,1,1,0,0,0,1,0,1,-1,1,-1,-1,1,-1,-1,-1,1,1,1,1,-1,1.0
1615,0,0,-1,-1,0,-1,-1,1,1,0,1,0,0,-1,1,1,0,1,0,0,0,1,1,0,1,-1,1,0,0,0,0,1,0,0,0,1,1,1,1.0
1619,1,1,0,0,0,1,1,1,-1,1,1,-1,-1,-1,-1,-1,-1,-1,-1,0,0,0,0,0,0,1,1,0,-1,-1,-1,-1,-1,-1,1,-1,1,-1,1.0
1621,1,1,0,0,-1,1,1,1,-1,0,1,-1,-1,-1,-1,-1,-1,-1,-1,0,1,0,0,1,0,1,1,0,0,0,-1,-1,-1,1,1,0,1,-1,1.0
1624,-1,-1,-1,0,-1,1,0,1,1,0,1,-1,0,1,1,1,1,1,-1,1,-1,1,0,-1,1,-1,1,0,-1,0,1,-1,0,1,1,1,1,0,1.0
1626,-1,-1,-1,0,-1,-1,-1,1,-1,1,1,-1,1,-1,1,1,-1,1,-1,-1,-1,1,-1,-1,1,-1,1,-1,-1,-1,-1,-1,1,1,-1,1,1,-1,1.0
1627,-1,-1,-1,-1,-1,1,1,1,1,1,1,1,-1,-1,-1,-1,-1,-1,-1,-1,-1,-1,-1,1,1,-1,1,-1,-1,1,-1,-1,-1,-1,1,-1,-1,-1,1.0
1636,-1,-1,1,1,-1,-1,-1,-1,-1,-1,1,-1,-1,-1,-1,-1,-1,-1,-1,-1,-1,-1,0,-1,-1,-1,-1,-1,-1,-1,1,-1,-1,-1,1,-1,1,-1,1.0
1653,1,1,1,-1,0,1,1,-1,-1,0,1,-1,-1,1,1,1,1,1,1,-1,-1,-1,0,-1,-1,1,1,0,-1,-1,-1,-1,-1,1,-1,1,1,-1,1.0
1654,1,1,1,-1,-1,-1,-1,-1,-1,-1,1,-1,-1,1,1,1,1,1,1,-1,1,1,1,1,-1,-1,1,1,-1,-1,1,-1,1,1,1,-1,-1,-1,1.0
1690,1,1,1,-1,0,1,0,1,1,1,1,-1,-1,1,-1,-1,-1,-1,-1,-1,-1,-1,0,-1,-1,-1,1,0,-1,-1,-1,-1,-1,1,1,0,1,-1,1.0
1694,1,1,0,0,0,1,1,1,1,1,1,-1,-1,1,-1,-1,-1,-1,-1,-1,-1,-1,0,-1,-1,-1,1,0,-1,-1,-1,-1,-1,1,1,0,1,-1,1.0
1703,0,0,1,-1,-1,-1,-1,-1,-1,0,1,-1,-1,1,-1,-1,-1,-1,-1,-1,-1,-1,0,-1,-1,-1,-1,-1,-1,-1,-1,-1,-1,-1,1,-1,1,-1,1.0
